Waktu,PM10,PM2p5,SO2,CO,O3,NO2,HC,KecAngin,ArahAngin,Kelembaban,Suhu,TekUdara,SolRad,CurahHujan
2020-01-01 00:00,31,32,3,12913,,4,,0,89,92,25,997.63,0,0.25
2020-01-01 00:30,45,42,,11488,,4,,0,89,91,24.94,997.42,0,0.25
2020-01-01 01:00,34,31,,8313,,4,,4.83,73,91,24.94,997.29,0,0.25
2020-01-01 01:30,30,29,3,17729,35,4,,0,122,92,24.89,997.32,0,0.25
2020-01-01 02:00,36,38,,11288,,4,,0,122,93,24.72,997.25,0,0.25
2020-01-01 02:30,30,28,,8886,,4,,0,122,93,24.78,997.22,0,0.25
2020-01-01 03:00,36,34,,7136,,4,,1.61,75,93,24.67,996.78,0,0.25
2020-01-01 03:30,38,35,,6830,,4,,0,87,93,24.56,996.58,0,0.25
2020-01-01 04:00,36,34,,6262,,4,,0,87,93,24.44,996.85,0,0.25
2020-01-01 04:30,34,33,,6041,,4,,0,95,93,24.44,997.32,0,0.25
2020-01-01 05:00,31,31,,5640,,4,,0,62,92,24.5,997.42,0,0.25
2020-01-01 05:30,33,32,,4700,,4,,3.22,85,92,24.5,997.56,0,0.25
2020-01-01 06:00,36,32,,4643,,4,,1.61,84,92,24.61,998.03,12,0.25
2020-01-01 06:30,40,39,3,4607,,4,,0,83,92,24.89,998.64,37,0.25
2020-01-01 07:00,50,47,3,4637,,6,,1.61,83,91,25.11,998.91,93,0.25
2020-01-01 07:30,64,59,5,4594,,6,,0,78,90,25.67,999.08,142,0.25
2020-01-01 08:00,76,75,5,4769,,6,,0,95,89,26.11,999.15,204,0.25
2020-01-01 08:30,59,51,5,4841,,8,,0,10,84,27.28,999.32,53,0.25
2020-01-01 09:00,64,66,5,4118,,6,,1.61,64,82,27.72,999.86,39,0.25
2020-01-01 09:30,79,65,5,4106,,6,,1.61,171,79,28.61,999.52,133,0.25
2020-01-01 10:00,72,65,5,3466,,8,,3.22,177,75,29.78,999.05,242,0.25
2020-01-01 10:30,43,41,5,3536,,8,,0,250,67,31.33,998.68,249,0.25
2020-01-01 11:00,49,45,5,3327,,8,,0,274,66,31.39,998.37,32,0.25
2020-01-01 11:30,25,24,5,3166,,8,,4.83,227,63,32.61,998.1,13,0.25
2020-01-01 12:00,32,31,5,4160,,8,,0,187,66,31.94,997.8,98,0.25
2020-01-01 12:30,21,20,5,3270,,8,,3.22,195,61,32.89,997.36,241,0.25
2020-01-01 13:00,18,16,5,2418,,8,,9.66,332,65,32.06,996.75,74,0.25
2020-01-01 13:30,17,18,3,2616,,8,,4.83,280,79,29.06,996.61,88,0.25
2020-01-01 14:00,9,9,3,2062,39,9,,1.61,146,86,27.22,996.78,151,1.52
2020-01-01 14:30,7,7,3,2189,,9,,1.61,268,87,26.94,996.61,102,1.52
2020-01-01 15:00,9,9,3,1138,,8,,6.44,341,90,25.67,996.85,54,2.03
2020-01-01 15:30,7,6,3,882,,8,,6.44,338,92,24.89,997.02,58,3.81
2020-01-01 16:00,6,7,3,874,,8,,1.61,60,93,24.94,997.22,44,4.06
2020-01-01 16:30,7,7,3,1324,,8,,1.61,12,93,25.06,997.69,16,4.83
2020-01-01 17:00,4,4,3,1443,,8,,4.83,27,93,24.33,998.34,0,10.92
2020-01-01 17:30,8,7,3,1418,,8,,0,4,94,24.28,999.01,0,13.46
2020-01-01 18:00,10,9,,1317,,8,,3.22,21,94,24.22,999.62,0,16.51
2020-01-01 18:30,6,6,,695,39,8,,0,30,92,24,999.86,0,2.29
2020-01-01 19:00,10,10,,2310,,8,,0,27,92,23.94,999.9,0,3.3
2020-01-01 19:30,7,6,,14482,86,8,,0,27,93,23.89,1000.54,0,3.56
2020-01-01 20:00,10,9,,19034,120,8,,0,27,94,23.89,1001.18,0,4.06
2020-01-01 20:30,10,9,,12487,90,8,,0,27,94,23.83,1001.45,0,4.57
2020-01-01 21:00,13,12,,14858,90,8,,0,27,94,23.83,1001.62,0,4.83
2020-01-01 21:30,16,15,5,29275,80,8,,0,27,95,23.89,1001.55,0,5.08
2020-01-01 22:00,15,13,,15361,94,8,,0,27,95,23.94,1001.55,0,5.08
2020-01-01 22:30,16,16,3,19837,71,6,,1.61,27,95,24.06,1001.35,0,5.08
2020-01-01 23:00,11,10,,8058,57,6,,3.22,214,94,23.83,1000.94,0,5.08
2020-01-01 23:30,13,9,,3807,,6,,0,56,93,23.83,1000.64,0,5.08
2020-01-02 00:00,12,11,,3223,,6,,1.61,79,94,23.83,999.9,0,5.08
2020-01-02 00:30,18,17,,2039,,6,,0,83,94,23.72,999.08,0,5.08
2020-01-02 01:00,22,22,,1509,,4,,3.22,12,95,23.67,998.74,0,5.08
2020-01-02 01:30,23,20,,1290,,4,,1.61,82,95,23.61,998.64,0,5.08
2020-01-02 02:00,23,21,,1024,,4,,0,103,95,23.61,998.81,0,5.08
2020-01-02 02:30,20,19,,,,4,,0,226,95,23.5,998.95,0,5.08
2020-01-02 03:00,19,19,,,,4,,3.22,54,95,23.5,998.98,0,5.08
2020-01-02 03:30,21,20,,,,4,,1.61,92,95,23.56,998.98,0,5.08
2020-01-02 04:00,23,22,,305,,4,,0,37,95,23.56,998.88,0,5.08
2020-01-02 04:30,23,22,,1040,,4,,0,55,95,23.5,999.08,0,5.08
2020-01-02 05:00,26,24,,1522,,4,,0,34,95,23.56,999.49,0,5.08
2020-01-02 05:30,25,22,,965,,4,,0,77,94,23.5,999.62,5,5.08
2020-01-02 06:00,24,22,,1692,,4,,0,68,93,23.72,999.86,33,5.08
2020-01-02 06:30,22,21,3,3141,,6,,0,354,92,24.11,999.9,113,5.08
2020-01-02 07:00,17,16,3,3520,,6,,4.83,25,90,24.94,1000.13,151,5.08
2020-01-02 07:30,22,19,5,4777,,6,,0,26,85,26.06,1000.2,218,5.08
2020-01-02 08:00,22,22,5,6240,,6,,0,27,82,27.44,1000.84,251,5.08
2020-01-02 08:30,20,18,5,7060,,8,,3.22,145,77,28.28,1000.84,55,5.08
2020-01-02 09:00,27,27,5,8243,,8,,0,215,76,28.5,1000.57,250,5.08
2020-01-02 09:30,22,20,5,9124,,8,,0,223,70,29.61,1000.2,122,5.08
2020-01-02 10:00,14,14,5,6940,,8,,3.22,18,68,30.56,1000.03,67,5.08
2020-01-02 10:30,11,10,5,5232,,8,,1.61,297,64,31.33,1000.06,36,5.08
2020-01-02 11:00,15,14,3,3076,,9,,1.61,193,62,31.67,999.56,32,5.08
2020-01-02 11:30,12,10,3,2914,,8,,3.22,174,61,32.17,999.01,143,5.08
2020-01-02 12:00,13,11,3,3834,,8,,1.61,349,60,32.17,998.64,222,5.08
2020-01-02 12:30,12,11,5,4621,,8,,1.61,287,63,31,998.47,190,5.08
2020-01-02 13:00,18,16,5,6246,,8,,1.61,175,67,30.72,998.1,205,5.08
2020-01-02 13:30,19,16,5,5391,,8,,4.83,334,69,30.56,997.9,238,5.08
2020-01-02 14:00,20,22,3,7061,,8,,3.22,233,71,30.44,997.49,237,5.08
2020-01-02 14:30,19,18,3,5728,,9,,3.22,337,70,30.94,997.19,55,5.08
2020-01-02 15:00,18,17,5,5904,,8,,4.83,179,73,29.83,997.15,216,5.08
2020-01-02 15:30,10,10,5,5092,,8,,1.61,258,77,29.17,997.15,179,5.08
2020-01-02 16:00,13,10,5,4450,,9,,4.83,309,80,28.72,997.36,43,5.08
2020-01-02 16:30,13,12,5,6231,,8,,1.61,243,80,28.72,997.49,123,5.08
2020-01-02 17:00,13,13,5,9146,,8,,3.22,226,78,28.67,997.49,40,5.08
2020-01-02 17:30,7,7,3,6269,45,8,,1.61,195,86,26,998.44,11,6.1
2020-01-02 18:00,11,10,,4135,14,8,,3.22,4,90,25.06,999.08,0,6.6
2020-01-02 18:30,13,13,,7575,96,8,,1.61,316,93,25.06,999.35,0,0.51
2020-01-02 19:00,13,12,,4315,59,8,,3.22,295,93,25.17,999.96,0,
2020-01-02 19:30,13,13,,4464,53,6,,1.61,4,93,25.06,1000.47,0,2.54
2020-01-02 20:00,9,9,,3667,36,6,,1.61,33,92,25,1000.57,0,3.05
2020-01-02 20:30,12,11,,2592,28,6,,1.61,73,92,24.67,1000.4,0,4.32
2020-01-02 21:00,8,7,,1919,,6,,1.61,35,91,24.61,1000.67,0,4.57
2020-01-02 21:30,11,15,,3136,,6,,0,25,90,24.61,1000.64,0,4.57
2020-01-02 22:00,11,11,,12155,47,6,,0,25,92,24.61,1000.67,0,4.57
2020-01-02 22:30,9,10,,7099,43,6,,0,335,91,24.61,1000.74,0,4.57
2020-01-02 23:00,13,12,,4594,10,6,,0,303,91,24.5,1000.71,0,4.57
2020-01-02 23:30,15,13,,8754,41,6,,0,303,93,24.44,1000.67,0,4.57
2020-01-03 00:00,17,16,,7501,40,6,,0,303,93,24.44,1000.37,0,4.57
2020-01-03 00:30,12,11,,5076,,6,,0,268,93,24.39,999.69,0,4.57
2020-01-03 01:00,14,13,,4714,,4,,0,268,94,24.28,998.98,0,4.57
2020-01-03 01:30,15,14,,3543,,4,,0,268,94,24.11,998.44,0,4.57
2020-01-03 02:00,15,14,,5268,,4,,0,268,95,23.94,998.17,0,4.57
2020-01-03 02:30,12,11,,3755,,4,,0,268,95,23.89,998.13,0,4.57
2020-01-03 03:00,12,12,,2052,,4,,0,268,95,23.89,997.69,0,4.57
2020-01-03 03:30,17,15,,2902,,4,,0,268,95,23.83,997.56,0,4.57
2020-01-03 04:00,14,13,,2749,,4,,0,268,95,23.72,997.59,0,4.57
2020-01-03 04:30,13,13,,3683,,4,,0,268,96,23.83,997.73,0,4.57
2020-01-03 05:00,17,16,,6750,,4,,0,268,96,23.94,997.59,0,4.83
2020-01-03 05:30,14,14,,6150,,4,,0,330,95,24.06,997.69,0,4.83
2020-01-03 06:00,9,8,,5728,,4,,0,23,92,24.28,997.8,46,4.83
2020-01-03 06:30,10,8,3,4811,,4,,0,21,89,25.11,998.1,84,4.83
2020-01-03 07:00,11,10,3,6170,,6,,1.61,26,86,26.11,998.2,127,4.83
2020-01-03 07:30,13,12,5,6276,,6,,0,349,84,27,998.34,216,4.83
2020-01-03 08:00,14,14,5,6170,,8,,3.22,29,77,28.44,998.64,10,4.83
2020-01-03 08:30,13,12,3,2971,,8,,3.22,359,74,29.22,998.54,137,4.83
2020-01-03 09:00,9,9,5,4992,,8,,3.22,35,71,29.83,998.37,151,4.83
2020-01-03 09:30,14,12,5,5402,,6,,4.83,48,71,29.94,998.3,104,4.83
2020-01-03 10:00,13,11,5,4117,,8,,1.61,61,71,29.94,998.24,22,4.83
2020-01-03 10:30,11,10,3,2632,,9,,3.22,345,77,28.94,998.1,227,4.83
2020-01-03 11:00,12,11,,2484,52,9,,4.83,317,75,29.67,997.76,179,4.83
2020-01-03 11:30,17,15,,2588,73,9,,3.22,240,73,30.28,997.73,1,4.83
2020-01-03 12:00,14,12,3,2003,43,9,,3.22,261,68,32.17,996.81,148,4.83
2020-01-03 12:30,12,11,3,841,,8,,1.61,274,67,31.44,996.27,97,4.83
2020-01-03 13:00,18,16,3,1328,,8,,1.61,86,70,30.83,995.83,20,4.83
2020-01-03 13:30,13,13,3,3628,25,9,,1.61,38,68,31.5,995.22,171,4.83
2020-01-03 14:00,10,9,3,4249,,8,,9.66,276,67,32.06,994.71,163,4.83
2020-01-03 14:30,10,9,5,3630,,8,,4.83,291,65,31.78,994.31,66,4.83
2020-01-03 15:00,10,8,3,3238,,9,,3.22,170,68,31.44,994.27,97,4.83
2020-01-03 15:30,7,6,3,3070,,9,,8.05,214,72,30.28,994.65,4,4.83
2020-01-03 16:00,8,9,3,3583,,9,,3.22,249,75,29.5,995.09,35,4.83
2020-01-03 16:30,7,6,5,2544,,8,,4.83,11,88,25.89,995.59,18,7.37
2020-01-03 17:00,9,8,3,4507,,8,,0,186,89,24.72,995.87,0,9.14
2020-01-03 17:30,9,9,3,5041,,8,,0,186,91,24.56,996.2,0,9.65
2020-01-03 18:00,9,8,,7596,43,8,,0,79,90,24.5,996.61,0,9.65
2020-01-03 18:30,11,11,3,25379,96,8,,0,79,91,24.61,996.85,0,0
2020-01-03 19:00,14,13,5,28227,83,8,,0,79,91,24.67,996.85,0,0
2020-01-03 19:30,15,14,8,33772,114,6,,0,79,91,24.78,996.71,0,0
2020-01-03 20:00,25,24,8,29115,76,6,,0,167,92,24.83,997.22,0,0
2020-01-03 20:30,20,19,5,23473,74,6,,1.61,283,92,24.78,997.9,0,5.33
2020-01-03 21:00,24,23,3,15115,63,6,,0,282,94,24.39,997.8,0,8.38
2020-01-03 21:30,11,11,,9242,22,6,,1.61,299,94,24.39,998.17,0,12.95
2020-01-03 22:00,5,4,,2562,,4,,0,289,95,24.33,998.1,0,15.49
2020-01-03 22:30,5,4,,700,,4,,3.22,54,95,23.94,998.44,0,30.23
2020-01-03 23:00,3,2,,1176,,4,,4.83,20,96,24,997.93,0,34.04
2020-01-03 23:30,3,2,,,,4,,4.83,21,95,24.11,997.8,0,38.61
2020-01-04 00:00,3,3,,692,,4,,0,30,95,24.06,996.71,0,41.66
2020-01-04 00:30,3,2,,,,4,,1.61,13,95,24.06,996.07,0,43.18
2020-01-04 01:00,3,3,,,,4,,1.61,334,95,24.11,995.73,0,44.2
2020-01-04 01:30,3,3,,,,4,,1.61,354,94,24.11,995.19,0,44.45
2020-01-04 02:00,3,3,,,,4,,1.61,28,94,24.17,994.82,0,44.45
2020-01-04 02:30,2,3,,,,4,,1.61,354,94,24.28,994.75,0,44.45
2020-01-04 03:00,2,2,,,,4,,0,349,93,24.17,994.31,0,
2020-01-04 03:30,3,2,,,,4,,1.61,354,92,24.11,994.38,0,44.45
2020-01-04 04:00,3,3,,,,4,,3.22,15,90,24.56,994.54,0,44.45
2020-01-04 04:30,3,3,,,,4,,0,29,88,24.78,994.78,0,44.45
2020-01-04 05:00,3,3,,,,4,,0,31,87,24.94,994.75,0,44.45
2020-01-04 05:30,6,6,,,,4,,0,35,88,24.89,994.88,9,44.45
2020-01-04 06:00,11,10,,,,4,,0,35,89,24.94,995.09,56,44.45
2020-01-04 06:30,10,9,3,8565,,4,,0,35,89,25.5,995.76,137,44.45
2020-01-04 07:00,34,34,5,9462,,6,,0,170,86,26.56,996.47,234,44.45
2020-01-04 07:30,13,13,5,9291,,8,,0,195,84,26.83,997.12,84,44.45
2020-01-04 08:00,15,14,8,10524,,8,,3.22,175,90,25.67,997.63,23,44.7
2020-01-04 08:30,4,4,5,6547,,8,,0,147,93,24.61,997.86,44,44.96
2020-01-04 09:00,5,5,5,4994,,8,,1.61,201,94,24.44,997.29,49,45.47
2020-01-04 09:30,14,10,5,4576,,8,,0,199,95,24.5,996.95,98,46.48
2020-01-04 10:00,8,8,5,6194,,8,,0,236,95,24.72,996.78,155,46.48
2020-01-04 10:30,6,6,5,5321,,8,,0,191,91,25.61,996.07,122,46.48
2020-01-04 11:00,9,8,5,4010,,8,,0,235,86,27.28,995.63,155,46.48
2020-01-04 11:30,12,10,5,5053,,8,,0,272,81,29.17,995.32,174,46.48
2020-01-04 12:00,10,12,5,5074,,8,,4.83,305,77,30.5,995.15,17,46.48
2020-01-04 12:30,9,8,5,4679,,8,,1.61,308,72,31.17,994.98,147,46.48
2020-01-04 13:00,8,8,5,3832,,8,,3.22,313,68,31.78,994.61,93,46.48
2020-01-04 13:30,9,8,5,3109,,8,,1.61,114,70,31.5,994.24,189,46.48
2020-01-04 14:00,8,8,5,2954,,8,,1.61,236,76,30.72,993.7,24,46.48
2020-01-04 14:30,15,13,5,2733,,8,,1.61,307,76,30.22,993.63,16,46.48
2020-01-04 15:00,6,5,3,1928,,8,,3.22,299,76,29.56,993.53,213,46.48
2020-01-04 15:30,7,5,5,2083,,8,,9.66,339,76,29.39,993.83,27,46.48
2020-01-04 16:00,5,6,5,2392,,8,,4.83,323,71,30.44,993.8,82,46.48
2020-01-04 16:30,5,5,5,2651,,8,,1.61,246,75,29.94,993.63,176,46.48
2020-01-04 17:00,6,5,5,3008,,8,,4.83,324,77,29.28,994.21,118,46.48
2020-01-04 17:30,10,9,3,2298,,6,,1.61,44,78,28.78,994.95,33,46.48
2020-01-04 18:00,14,12,,2077,,6,,3.22,331,79,28.33,995.43,0,46.48
2020-01-04 18:30,16,15,,2890,,4,,4.83,319,81,27.94,995.83,0,0
2020-01-04 19:00,19,17,,8798,,4,,1.61,18,82,27.5,996.34,0,0
2020-01-04 19:30,18,17,,7974,,4,,0,270,84,27.22,996.54,0,0
2020-01-04 20:00,15,15,,15006,,4,,0,17,85,27.11,996.75,0,0
2020-01-04 20:30,19,18,,10503,,4,,0,27,85,27.06,997.25,0,0
2020-01-04 21:00,13,14,,6870,,4,,0,305,85,27,997.29,0,0
2020-01-04 21:30,15,14,,18051,,2,,1.61,346,85,26.83,997.22,0,
2020-01-04 22:00,8,9,,6047,,4,,1.61,332,85,26.83,997.36,0,0
2020-01-04 22:30,8,7,,5800,,2,,0,287,85,26.72,996.91,0,0
2020-01-04 23:00,11,9,,7436,,2,,1.61,293,86,26.39,996.61,0,0
2020-01-04 23:30,21,27,,9519,,4,,0,350,87,26.33,996.2,0,0
2020-01-05 00:00,9,8,,4868,,2,,0,12,87,26.33,995.97,0,0
2020-01-05 00:30,8,7,,3738,,4,,4.83,27,86,26.33,995.87,0,0
2020-01-05 01:00,7,7,,2558,,2,,0,12,86,26.33,995.15,0,0
2020-01-05 01:30,8,7,,2136,,2,,0,9,87,26,994.92,0,0
2020-01-05 02:00,8,8,,2254,,4,,1.61,41,88,25.94,994.85,0,0
2020-01-05 02:30,5,4,,,,2,,1.61,315,90,25.67,994.68,0,0
2020-01-05 03:00,4,4,,,,4,,1.61,27,91,25.5,994.71,0,0
2020-01-05 03:30,4,4,,,,4,,1.61,342,93,25.28,994.78,0,1.52
2020-01-05 04:00,4,4,,,,2,,0,333,94,25.17,995.05,0,1.52
2020-01-05 04:30,5,5,,,,2,,0,295,94,25.11,995.43,0,2.03
2020-01-05 05:00,6,6,,,,4,,0,295,94,25.11,995.39,0,2.54
2020-01-05 05:30,9,9,,900,,4,,0,221,95,25.06,995.83,0,3.05
2020-01-05 06:00,10,9,,3384,,4,,0,222,95,25.17,996.1,11,3.05
2020-01-05 06:30,10,9,,3636,,4,,0,274,95,25.5,996.2,35,3.05
2020-01-05 07:00,10,9,5,6138,,6,,0,29,93,25.61,996.61,88,3.05
2020-01-05 07:30,10,10,5,8083,,6,,3.22,208,92,25.89,996.58,57,3.05
2020-01-05 08:00,8,8,5,5829,,6,,1.61,314,89,27.33,996.88,190,3.05
2020-01-05 08:30,8,8,5,5538,,6,,1.61,4,85,28.28,996.98,1,3.05
2020-01-05 09:00,6,6,5,3511,,8,,1.61,286,82,28.78,996.88,8,3.05
2020-01-05 09:30,6,4,10,13365,,6,,4.83,212,87,26.89,997.05,19,6.6
2020-01-05 10:00,4,3,8,6728,,6,,1.61,341,93,25.22,996.88,118,17.27
2020-01-05 10:30,3,3,5,4993,,8,,4.83,244,95,25.33,996.37,122,17.53
2020-01-05 11:00,4,3,5,3317,,8,,1.61,354,88,26.83,996.1,1,17.53
2020-01-05 11:30,6,5,5,2834,,8,,3.22,342,88,27,996.37,186,17.53
2020-01-05 12:00,5,5,5,1766,,8,,1.61,33,86,27.61,995.76,230,17.53
2020-01-05 12:30,4,4,3,1201,,8,,1.61,31,88,26.17,995.83,49,18.03
2020-01-05 13:00,5,4,3,1140,,6,,3.22,10,92,25.44,995.59,42,18.54
2020-01-05 13:30,4,4,3,861,,6,,0,4,93,25.17,995.29,105,20.57
2020-01-05 14:00,4,4,3,1788,,8,,0,16,92,25.28,994.92,102,20.83
2020-01-05 14:30,5,4,5,3329,,8,,1.61,354,92,25.5,994.82,88,21.08
2020-01-05 15:00,4,4,5,4077,,8,,0,278,91,25.67,995.09,81,21.08
2020-01-05 15:30,5,5,5,5202,,8,,0,279,90,25.67,994.98,76,21.08
2020-01-05 16:00,6,6,5,5400,,8,,0,279,91,26,995.32,84,21.08
2020-01-05 16:30,11,9,5,9197,,8,,0,279,91,26.22,995.93,51,21.08
2020-01-05 17:00,22,19,5,11908,,8,,0,277,92,26,996.41,54,21.59
2020-01-05 17:30,15,12,8,23771,71,8,,0,277,93,25.78,997.29,0,21.59
2020-01-05 18:00,28,24,5,19091,57,8,,0,277,94,25.72,997.32,0,21.84
2020-01-05 18:30,21,18,3,12645,51,6,,0,249,94,25.56,997.59,0,1.78
2020-01-05 19:00,13,11,,7692,,6,,3.22,222,94,25.11,997.32,0,2.79
2020-01-05 19:30,11,10,3,11225,,4,,0,216,95,25.11,997.42,0,2.79
2020-01-05 20:00,12,12,,10324,,4,,3.22,16,96,25.06,997.96,0,2.79
2020-01-05 20:30,14,13,,9612,33,6,,0,19,93,24.44,997.93,0,3.05
2020-01-05 21:00,11,10,,8938,10,6,,0,19,92,24.17,998.1,0,3.05
2020-01-05 21:30,11,11,3,19041,,4,,0,31,93,24.33,998.34,0,3.05
2020-01-05 22:00,11,10,3,20748,,4,,0,77,94,24.33,998.41,0,3.05
2020-01-05 22:30,9,8,3,10157,,4,,0,168,93,24.33,998.27,0,3.05
2020-01-05 23:00,10,9,,8203,,4,,0,64,93,24.28,997.66,0,3.05
2020-01-05 23:30,12,10,3,13402,,4,,0,64,94,24.17,997.36,0,3.05
2020-01-06 00:00,19,17,,11883,,4,,0,64,95,23.94,997.36,0,3.05
2020-01-06 00:30,15,14,3,16815,,4,,0,65,95,23.89,996.34,0,3.05
2020-01-06 01:00,15,15,5,18382,,4,,0,65,95,23.72,996.07,0,3.05
2020-01-06 01:30,19,17,5,14846,,4,,0,65,96,23.67,995.76,0,3.05
2020-01-06 02:00,16,14,3,11126,,4,,0,65,96,23.67,995.63,0,3.05
2020-01-06 02:30,19,17,3,11332,,4,,0,65,96,23.67,995.46,0,3.05
2020-01-06 03:00,17,15,3,10187,,4,,0,359,96,23.67,995.56,0,3.05
2020-01-06 03:30,18,17,3,9206,,4,,0,354,96,23.72,995.26,0,3.05
2020-01-06 04:00,15,13,,5021,,4,,0,36,96,23.67,995.76,0,3.81
2020-01-06 04:30,13,12,,5354,,4,,0,48,96,23.56,996,0,4.06
2020-01-06 05:00,14,14,,7699,,4,,0,48,96,23.56,996.14,0,4.06
2020-01-06 05:30,21,18,3,9141,,4,,0,48,96,23.56,996.27,0,4.06
2020-01-06 06:00,22,19,5,12020,,4,,0,48,97,23.72,996.47,33,4.06
2020-01-06 06:30,18,17,5,12621,,6,,0,48,96,24.11,997.08,70,4.06
2020-01-06 07:00,19,18,8,16968,,6,,0,60,94,25.06,997.36,47,4.06
2020-01-06 07:30,10,9,9,19875,,8,,4.83,289,88,26.56,997.52,206,4.06
2020-01-06 08:00,5,5,8,11379,,6,,3.22,10,79,28.72,997.56,251,4.06
2020-01-06 08:30,8,8,5,6653,,6,,3.22,36,83,28.06,997.59,89,4.06
2020-01-06 09:00,7,6,5,4981,,6,,3.22,347,81,28.39,997.46,219,4.06
2020-01-06 09:30,12,10,5,9300,,8,,1.61,73,77,29.78,997.46,130,4.06
2020-01-06 10:00,10,9,5,5427,,6,,3.22,340,72,31,996.71,80,4.06
2020-01-06 10:30,5,4,5,3084,,8,,8.05,359,69,31.28,996.44,22,4.06
2020-01-06 11:00,5,5,4,1121,,8,,4.83,312,65,32.11,996.2,206,4.06
2020-01-06 11:30,7,6,3,1619,,8,,4.83,121,62,32.83,995.66,67,4.06
2020-01-06 12:00,7,6,3,2125,,8,,1.61,208,62,32.89,995.66,203,4.06
2020-01-06 12:30,7,6,3,2347,,8,,3.22,31,63,32.56,995.59,33,4.06
2020-01-06 13:00,13,10,3,3929,,9,,4.83,245,67,32.33,995.05,11,4.06
2020-01-06 13:30,10,9,5,4035,,8,,3.22,214,64,33,994.68,153,4.06
2020-01-06 14:00,6,5,5,3839,,8,,3.22,340,62,33.56,994.1,81,4.06
2020-01-06 14:30,7,6,5,3955,,8,,4.83,292,63,33.22,993.9,62,4.06
2020-01-06 15:00,8,9,5,3232,,8,,4.83,354,63,33,993.56,31,4.06
2020-01-06 15:30,5,5,5,4141,,8,,1.61,195,64,32.17,993.77,39,4.06
2020-01-06 16:00,6,6,5,4431,,8,,3.22,279,69,30.33,994.27,114,4.06
2020-01-06 16:30,5,5,5,4684,,8,,8.05,293,73,29.61,994.61,86,4.06
2020-01-06 17:00,7,6,5,6068,,8,,4.83,275,76,29.22,995.09,58,4.06
2020-01-06 17:30,11,11,5,5892,,6,,0,212,79,28.78,995.83,26,4.06
2020-01-06 18:00,21,14,,4893,,6,,1.61,210,81,28.33,995.93,0,4.06
2020-01-06 18:30,19,16,,4316,,4,,0,308,84,27.83,996.54,0,0
2020-01-06 19:00,16,15,,10439,,4,,3.22,264,85,27.61,996.88,0,0
2020-01-06 19:30,28,24,,8984,,4,,0,256,85,27.56,997.08,0,0
2020-01-06 20:00,33,38,,9232,,4,,0,304,86,27.39,997.46,0,0
2020-01-06 20:30,20,18,,11851,,2,,0,304,87,27.28,997.73,0,0
2020-01-06 21:00,17,16,,6813,,2,,0,305,86,27.28,997.52,0,0
2020-01-06 21:30,16,16,3,10912,,2,,0,310,86,27.28,997.83,0,0
2020-01-06 22:00,23,22,,8532,,2,,0,310,87,27.17,997.93,0,0
2020-01-06 22:30,19,17,,8940,,2,,0,280,90,26.67,997.8,0,0.25
2020-01-06 23:00,12,10,,9066,,4,,0,280,91,26.06,997.29,0,0.51
2020-01-06 23:30,10,10,,3616,,2,,0,65,92,25.83,997.15,0,0.51
2020-01-07 00:00,31,31,,6635,,4,,1.61,343,93,25.78,997.39,0,3.56
2020-01-07 00:30,3,3,,,,4,,1.61,339,94,24.33,997.52,0,31.75
2020-01-07 01:00,3,3,,,,4,,1.61,188,95,24.17,996.95,0,34.8
2020-01-07 01:30,3,2,,,,4,,1.61,192,95,24.11,996.64,0,34.8
2020-01-07 02:00,3,2,,,,4,,0,191,96,23.94,996.2,0,34.8
2020-01-07 02:30,4,3,,,,4,,0,191,96,24,996.07,0,35.05
2020-01-07 03:00,4,4,,,,4,,0,191,96,23.94,995.83,0,35.05
2020-01-07 03:30,5,5,,,,4,,0,191,97,24,995.46,0,35.05
2020-01-07 04:00,6,5,,,,4,,0,191,96,24,995.76,0,35.05
2020-01-07 04:30,8,8,,,,4,,1.61,191,96,24.17,996.1,0,35.05
2020-01-07 05:00,7,6,,290,,4,,0,191,97,24.17,996.54,0,35.81
2020-01-07 05:30,5,5,,,,4,,0,4,97,24.06,996.71,0,42.93
2020-01-07 06:00,3,3,,,,4,,0,4,97,24.17,996.85,12,44.45
2020-01-07 06:30,4,4,3,3030,,4,,0,4,97,24.28,997.08,35,44.7
2020-01-07 07:00,6,6,5,5446,,6,,0,4,97,24.56,997.19,98,44.7
2020-01-07 07:30,9,9,5,9644,,6,,0,213,96,24.89,997.36,127,44.7
2020-01-07 08:00,14,13,8,13933,,8,,0,183,95,24.94,997.22,128,44.7
2020-01-07 08:30,14,11,8,22731,,6,,0,210,95,25.17,997.36,171,44.7
2020-01-07 09:00,14,13,8,17124,,8,,1.61,224,93,25.94,997.25,234,44.7
2020-01-07 09:30,14,14,8,13600,,6,,1.61,272,90,26.78,997.52,62,44.7
2020-01-07 10:00,8,8,8,10000,,6,,3.22,332,85,27.94,997.05,47,44.7
2020-01-07 10:30,7,6,5,5326,,6,,0,253,81,28.44,995.63,215,44.7
2020-01-07 11:00,6,6,5,5970,,8,,8.05,359,79,28.89,995.93,13,44.7
2020-01-07 11:30,4,4,5,5253,,8,,3.22,4,84,27.78,996.1,108,44.7
2020-01-07 12:00,4,5,5,3209,,8,,1.61,107,78,29.17,995.49,165,44.7
2020-01-07 12:30,7,7,3,1712,,8,,4.83,37,73,30.33,995.09,154,44.7
2020-01-07 13:00,7,7,3,2124,,8,,8.05,4,76,29.72,994.82,57,44.7
2020-01-07 13:30,10,9,5,2612,,8,,4.83,312,77,29.5,994.54,60,44.7
2020-01-07 14:00,13,13,3,2746,,8,,3.22,339,75,29.83,994,176,44.7
2020-01-07 14:30,22,21,5,3693,,8,,1.61,183,73,30.22,993.83,97,44.7
2020-01-07 15:00,9,8,5,2471,,8,,12.87,337,64,31.5,993.46,80,44.7
2020-01-07 15:30,10,8,5,2471,,8,,3.22,326,70,30.56,993.49,39,44.7
2020-01-07 16:00,8,7,5,2471,,8,,6.44,337,72,29.72,994.38,214,44.7
2020-01-07 16:30,9,8,5,2471,,8,,6.44,189,76,29.17,994.71,91,44.7
2020-01-07 17:00,8,7,5,2471,,8,,3.22,218,84,27.39,994.85,76,44.7
2020-01-07 17:30,10,9,5,2471,,8,,4.83,199,86,26.89,995.66,26,44.7
2020-01-07 18:00,7,7,5,2471,,8,,1.61,283,87,26.61,995.9,0,44.7
2020-01-07 18:30,10,9,5,2471,,8,,1.61,291,88,26.39,996.1,0,0
2020-01-07 19:00,,,5,2471,,8,,0,195,89,26.28,996.27,0,0
2020-01-07 19:30,7,6,5,2471,,8,,0,216,89,26.17,996.88,0,0
2020-01-07 20:00,10,8,5,2471,,8,,0,280,90,26.06,996.47,0,0
2020-01-07 20:30,12,11,5,2471,,8,,0,284,90,25.94,996.68,0,0
2020-01-07 21:00,11,11,5,2471,,8,,0,286,91,25.78,996.78,0,0
2020-01-07 21:30,10,9,5,2471,,8,,0,286,91,25.61,997.12,0,0
2020-01-07 22:00,14,14,5,2471,,8,,0,286,91,25.56,997.02,0,0
2020-01-07 22:30,16,13,5,2471,,8,,0,286,92,25.5,997.12,0,0
2020-01-07 23:00,12,12,5,2471,,8,,0,286,92,25.5,996.95,0,0
2020-01-07 23:30,26,23,3,12954,,2,,0,281,93,25.39,996.91,0,
2020-01-08 00:00,22,20,,8577,,2,,0,280,93,25.22,996.71,0,0
2020-01-08 00:30,23,21,3,12693,,2,,0,280,93,25.28,996.2,0,0
2020-01-08 01:00,21,18,,7788,,2,,0,170,93,25.11,995.7,0,0
2020-01-08 01:30,17,16,,5421,,2,,0,170,94,24.83,995.32,0,0
2020-01-08 02:00,16,14,,5353,,2,,0,25,94,24.89,995.15,0,0
2020-01-08 02:30,14,14,,3422,,2,,0,25,93,24.89,994.92,0,0
2020-01-08 03:00,11,10,,2543,,2,,0,25,93,24.72,994.82,0,0
2020-01-08 03:30,7,7,,1383,,2,,0,25,93,24.56,995.26,0,0
2020-01-08 04:00,7,7,,1890,,2,,0,25,93,24.5,995.12,0,0
2020-01-08 04:30,17,15,,4750,,2,,0,25,94,24.67,995.43,0,0
2020-01-08 05:00,24,24,,5626,,2,,0,25,95,24.56,995.56,0,0
2020-01-08 05:30,19,17,,6334,,2,,0,25,94,24.67,996.14,0,0
2020-01-08 06:00,21,20,,6620,,2,,0,25,94,24.78,996.27,5,0
2020-01-08 06:30,30,30,3,10929,,4,,0,199,94,24.94,997.08,7,0
2020-01-08 07:00,15,14,8,14886,,6,,1.61,211,93,24.83,997.15,28,0.25
2020-01-08 07:30,13,12,8,16012,,6,,0,279,95,24.78,997.59,40,1.52
2020-01-08 08:00,6,5,10,16776,,6,,1.61,179,94,24.44,997.59,33,2.29
2020-01-08 08:30,5,5,10,16776,,6,,1.61,181,95,24.06,997.69,53,5.08
2020-01-08 09:00,3,4,10,16776,,6,,4.83,201,96,24.28,997.29,128,6.35
2020-01-08 09:30,4,4,10,16776,,6,,0,206,93,25.17,997.19,8,6.35
2020-01-08 10:00,5,5,10,16776,,6,,0,82,92,25.89,996.98,175,6.6
2020-01-08 10:30,7,7,10,16776,,6,,1.61,170,85,27.39,996.71,198,6.6
2020-01-08 11:00,13,10,10,16776,,6,,1.61,299,83,28.56,996.51,22,6.6
2020-01-08 11:30,5,3,10,16776,,6,,3.22,316,89,25.94,996.41,157,6.6
2020-01-08 12:00,4,3,10,16776,,6,,3.22,266,86,27.44,995.93,8,6.6
2020-01-08 12:30,8,14,10,16776,,6,,3.22,122,85,27.56,995.49,118,6.6
2020-01-08 13:00,4,5,10,16776,,6,,1.61,256,78,28.67,995.05,1,6.6
2020-01-08 13:30,6,5,10,16776,,6,,1.61,310,73,30.89,994.41,62,6.6
2020-01-08 14:00,7,6,10,16776,,6,,4.83,266,71,30.72,993.7,217,6.6
2020-01-08 14:30,18,14,10,16776,,6,,3.22,224,72,30.78,993.12,145,6.6
2020-01-08 15:00,6,5,10,16776,,6,,8.05,206,70,30.72,992.95,22,6.6
2020-01-08 15:30,4,3,10,16776,,6,,1.61,291,70,30.17,992.85,248,6.6
2020-01-08 16:00,6,6,10,16776,,6,,1.61,194,73,29.28,993.09,111,6.6
2020-01-08 16:30,5,4,10,16776,,6,,3.22,314,75,28.89,993.83,93,6.6
2020-01-08 17:00,8,8,10,16776,,6,,0,245,78,28.44,994.14,86,6.6
2020-01-08 17:30,10,8,10,16776,,6,,1.61,193,80,28.17,994.68,39,6.6
2020-01-08 18:00,7,8,10,16776,,6,,0,348,81,27.67,995.22,7,6.6
2020-01-08 18:30,6,5,10,16776,,6,,0,336,83,27.28,995.76,0,0
2020-01-08 19:00,8,7,10,16776,,6,,1.61,266,85,27.11,996.1,0,0
2020-01-08 19:30,8,7,10,16776,,6,,0,253,86,27.06,996.41,0,0
2020-01-08 20:00,9,8,10,16776,,6,,0,253,87,26.83,996.85,0,0
2020-01-08 20:30,14,15,10,16776,,6,,4.83,36,87,26.78,997.15,0,0
2020-01-08 21:00,11,11,10,16776,,6,,1.61,26,82,26.61,997.12,0,0
2020-01-08 21:30,13,10,10,16776,,6,,0,19,81,26.33,996.81,0,0
2020-01-08 22:00,18,12,10,16776,,6,,1.61,99,83,26.11,997.05,0,0
2020-01-08 22:30,13,11,10,16776,,6,,0,68,85,26,996.98,0,0
2020-01-08 23:00,13,11,10,16776,,6,,0,68,85,25.89,996.47,0,0
2020-01-08 23:30,14,12,,12113,,4,,0,68,86,25.72,996,0,0
2020-01-09 00:00,16,13,,11410,14,4,,0,68,87,25.67,995.93,0,
2020-01-09 00:30,15,13,,7744,,4,,0,40,87,25.72,995.32,0,0
2020-01-09 01:00,6,7,,1268,,4,,0,40,86,25.72,995.15,0,0
2020-01-09 01:30,7,5,,1014,,4,,0,40,87,25.67,995.05,0,0
2020-01-09 02:00,4,4,,,,4,,1.61,324,88,25.5,995.22,0,0
2020-01-09 02:30,4,4,,,,2,,0,21,92,24.67,995.02,0,0.51
2020-01-09 03:00,4,4,,,,4,,0,21,93,24.56,994.88,0,0.76
2020-01-09 03:30,5,5,,,,4,,0,21,93,24.5,994.71,0,0.76
2020-01-09 04:00,6,6,,,,4,,0,21,94,24.39,995.02,0,0.76
2020-01-09 04:30,7,6,,,,4,,0,21,94,24.33,994.92,0,0.76
2020-01-09 05:00,7,6,,2349,,4,,0,21,95,24.33,995.19,0,0.76
2020-01-09 05:30,8,8,,5382,,4,,0,21,95,24.33,995.29,0,0.76
2020-01-09 06:00,12,11,,6331,,4,,0,21,95,24.44,995.93,28,0.76
2020-01-09 06:30,18,15,3,9895,,4,,0,20,94,24.83,996.14,111,0.76
2020-01-09 07:00,16,16,5,11308,,6,,0,20,90,25.61,996.27,100,0.76
2020-01-09 07:30,17,17,5,12596,,6,,1.61,345,88,26.33,996.37,185,0.76
2020-01-09 08:00,16,14,8,13811,,8,,0,4,83,27.33,996.54,40,0.76
2020-01-09 08:30,8,9,5,7358,,8,,1.61,149,77,28.89,996.24,170,0.76
2020-01-09 09:00,9,10,10,19662,,8,,3.22,336,74,30.17,996.31,55,0.76
2020-01-09 09:30,12,8,8,10686,,8,,1.61,232,72,30.06,996.37,144,0.76
2020-01-09 10:00,11,10,5,7145,,8,,1.61,190,74,29.89,996.27,46,0.76
2020-01-09 10:30,18,19,5,7649,,8,,3.22,345,75,29.61,996.03,125,0.76
2020-01-09 11:00,14,10,5,6698,,8,,1.61,249,76,29.83,995.87,52,0.76
2020-01-09 11:30,8,9,5,6278,,8,,3.22,193,79,29.44,995.59,90,1.27
2020-01-09 12:00,11,8,5,5727,,8,,9.66,181,75,29.78,995.12,110,1.27
2020-01-09 12:30,13,12,5,5280,,8,,0,187,82,29.17,994.78,0,1.27
2020-01-09 13:00,7,7,5,6280,,8,,3.22,251,72,30.89,994.44,28,1.27
2020-01-09 13:30,10,10,5,6407,,8,,3.22,245,68,31.17,994.21,205,1.27
2020-01-09 14:00,15,14,5,6200,,8,,1.61,155,70,31.5,994.04,176,1.27
2020-01-09 14:30,7,7,5,7442,,8,,3.22,156,70,30.72,993.63,232,1.27
2020-01-09 15:00,34,32,5,6964,,8,,4.83,237,67,31.28,993.19,55,1.27
2020-01-09 15:30,38,38,5,5649,,8,,0,207,68,31,993.29,92,1.27
2020-01-09 16:00,41,36,5,4675,,8,,8.05,328,67,30.61,993.46,250,1.27
2020-01-09 16:30,13,14,5,5124,,8,,0,205,67,30.89,993.33,9,1.27
2020-01-09 17:00,13,10,5,6323,,8,,1.61,188,73,30.06,994,84,1.27
2020-01-09 17:30,12,11,5,11281,,6,,1.61,235,76,29.22,994.58,44,1.27
2020-01-09 18:00,13,13,3,2323,,4,,0,354,79,28.44,994.85,0,1.27
2020-01-09 18:30,24,20,,7646,,4,,0,231,83,27.89,995.26,0,0
2020-01-09 19:00,17,16,,3886,,4,,1.61,322,83,27.61,995.66,0,0
2020-01-09 19:30,19,18,,7608,,4,,0,262,84,27.44,996,0,0
2020-01-09 20:00,18,18,,5725,,4,,1.61,54,87,26.89,996.24,0,0
2020-01-09 20:30,16,15,,5952,,4,,1.61,33,87,26.56,996.44,0,0
2020-01-09 21:00,14,13,,6933,,4,,0,33,87,26.44,996.61,0,0
2020-01-09 21:30,15,14,,8325,,4,,0,35,86,26.5,996.44,0,0
2020-01-09 22:00,14,14,,7176,,4,,0,35,86,26.56,996.71,0,0
2020-01-09 22:30,14,14,,9984,,4,,0,35,86,26.5,996.47,0,0
2020-01-09 23:00,18,16,,11454,,4,,0,35,87,26.39,996.24,0,0
2020-01-09 23:30,17,15,,9715,,2,,0,333,88,26.22,996.34,0,0
2020-01-10 00:00,13,12,,3159,,4,,0,18,87,26,995.97,0,0
2020-01-10 00:30,9,10,,3282,,4,,6.44,46,87,25.94,995.97,0,0
2020-01-10 01:00,4,3,,,,4,,1.61,318,92,24.67,995.73,0,4.32
2020-01-10 01:30,3,3,,,,4,,1.61,41,95,24.06,995.56,0,27.43
2020-01-10 02:00,2,1,,,,4,,1.61,31,95,24,995.26,0,32.51
2020-01-10 02:30,1,2,,,,4,,0,31,95,23.89,994.98,0,34.29
2020-01-10 03:00,2,2,,,,4,,0,32,95,23.83,994.75,0,35.31
2020-01-10 03:30,1,2,,,,4,,0,32,96,23.89,994.82,0,35.31
2020-01-10 04:00,2,2,,,,4,,0,208,96,23.67,994.88,0,35.81
2020-01-10 04:30,2,1,,,,4,,0,209,96,23.67,995.09,0,35.81
2020-01-10 05:00,4,3,,,,4,,3.22,332,96,23.78,995.63,0,35.81
2020-01-10 05:30,3,3,,,,4,,3.22,243,95,23.39,996.07,0,41.15
2020-01-10 06:00,3,4,,,,4,,0,303,96,23.22,996.44,12,44.2
2020-01-10 06:30,4,3,,3202,,6,,0,249,96,23.17,996.41,33,45.47
2020-01-10 07:00,8,4,5,7387,,6,,1.61,250,96,23.33,996.34,83,45.72
2020-01-10 07:30,9,8,8,14028,,8,,3.22,179,96,23.61,997.08,120,45.72
2020-01-10 08:00,8,7,8,13610,,8,,0,204,95,23.72,997.02,137,45.72
2020-01-10 08:30,8,8,8,13936,,8,,3.22,280,95,24.44,997.02,253,45.72
2020-01-10 09:00,7,8,8,13487,,8,,1.61,208,89,25.44,996.68,38,45.72
2020-01-10 09:30,10,9,8,12683,,8,,1.61,296,84,26.61,996.75,25,45.72
2020-01-10 10:00,9,9,8,16951,,8,,3.22,175,83,27,996.47,78,45.72
2020-01-10 10:30,8,7,5,7162,,8,,1.61,235,81,27.67,996.37,210,45.72
2020-01-10 11:00,14,12,5,5514,,8,,1.61,179,75,29.94,996,9,45.72
2020-01-10 11:30,6,6,3,5480,,8,,1.61,204,71,30.28,995.7,21,45.72
2020-01-10 12:00,6,5,3,4174,,8,,0,271,68,30.67,995.39,243,45.72
2020-01-10 12:30,7,6,3,2977,,8,,1.61,314,71,30.72,994.88,45,45.72
2020-01-10 13:00,7,6,5,3984,,8,,4.83,218,73,30.78,994.68,252,45.72
2020-01-10 13:30,5,4,5,5330,,8,,1.61,271,69,31.39,994.34,248,45.72
2020-01-10 14:00,5,4,3,4823,,8,,4.83,343,66,32.56,994,188,45.72
2020-01-10 14:30,7,6,,6116,124,11,,3.22,241,73,30.33,993.56,183,45.72
2020-01-10 15:00,4,5,3,5111,22,9,,3.22,175,74,30.06,993.66,94,45.72
2020-01-10 15:30,6,4,3,4784,,8,,1.61,19,75,29.39,993.83,160,45.72
2020-01-10 16:00,3,3,5,6107,,8,,3.22,241,77,28.5,994.27,65,45.72
2020-01-10 16:30,5,4,3,7735,,9,,4.83,290,81,27.89,994.44,33,45.72
2020-01-10 17:00,8,8,5,6985,,8,,1.61,343,83,27.56,994.71,16,45.72
2020-01-10 17:30,5,5,3,7410,51,8,,3.22,285,84,27,995.63,7,45.72
2020-01-10 18:00,10,7,,4361,,6,,0,280,86,26.83,996.07,0,45.72
2020-01-10 18:30,14,13,,5051,,4,,0,8,88,26.39,996.31,0,0
2020-01-10 19:00,12,11,,5745,,6,,0,12,87,26.11,996.75,0,0
2020-01-10 19:30,14,13,,8048,,6,,0,293,88,25.94,997.19,0,0
2020-01-10 20:00,11,11,,8056,,4,,0,294,87,25.89,997.08,0,0
2020-01-10 20:30,10,9,,6071,,4,,0,4,86,25.83,997.22,0,0
2020-01-10 21:00,10,8,,8221,,4,,0,300,91,25.17,997.93,0,6.6
2020-01-10 21:30,4,4,,3357,,4,,0,220,92,24.11,997.93,0,7.87
2020-01-10 22:00,4,3,,4106,,4,,0,302,94,23.83,997.86,0,10.41
2020-01-10 22:30,5,6,,4959,,4,,0,309,95,23.83,997.86,0,12.7
2020-01-10 23:00,4,2,,3178,,4,,1.61,245,95,23.72,997.83,0,14.73
2020-01-10 23:30,6,5,,1490,,4,,0,244,95,23.67,997.49,0,15.75
2020-01-11 00:00,6,6,,4146,,4,,0,243,96,23.78,997.49,0,16
2020-01-11 00:30,5,4,,674,,4,,0,243,96,23.67,997.29,0,16.51
2020-01-11 01:00,5,5,,1095,,4,,0,243,96,23.61,996.91,0,17.02
2020-01-11 01:30,6,5,,1972,,4,,0,250,96,23.67,996.51,0,17.02
2020-01-11 02:00,10,10,,3332,,4,,0,250,96,23.67,996.2,0,17.27
2020-01-11 02:30,6,6,,1967,,4,,0,250,96,23.67,995.9,0,17.27
2020-01-11 03:00,7,7,,1716,,4,,0,250,96,23.67,995.53,0,17.27
2020-01-11 03:30,8,8,,1513,,4,,0,249,96,23.56,995.15,0,17.27
2020-01-11 04:00,9,9,,1706,,4,,0,249,97,23.5,995.32,0,17.27
2020-01-11 04:30,9,8,,2138,,4,,0,249,96,23.33,995.53,0,17.27
2020-01-11 05:00,7,8,,1968,,4,,0,249,97,23.28,995.76,0,17.27
2020-01-11 05:30,8,8,,3859,,4,,0,249,97,23.39,996.03,0,17.27
2020-01-11 06:00,10,11,,4883,,4,,0,249,97,23.44,996.07,32,17.27
2020-01-11 06:30,15,14,3,9763,,4,,0,249,97,23.78,996.47,65,17.27
2020-01-11 07:00,18,17,5,11715,,6,,0,249,96,24.06,996.41,70,17.27
2020-01-11 07:30,24,23,5,14421,,8,,0,249,94,25.11,996.85,181,17.27
2020-01-11 08:00,8,7,5,12680,,8,,0,306,83,27.06,997.12,65,17.27
2020-01-11 08:30,5,4,5,8958,,6,,1.61,354,77,28.89,997.19,232,17.27
2020-01-11 09:00,4,6,5,4263,,6,,1.61,354,73,29.61,997.32,232,17.27
2020-01-11 09:30,6,6,3,2314,,8,,3.22,332,70,30.33,997.32,241,17.27
2020-01-11 10:00,5,5,3,979,,8,,4.83,286,71,29.83,997.15,22,17.27
2020-01-11 10:30,14,8,3,1120,,8,,1.61,250,70,30.83,997.02,219,17.27
2020-01-11 11:00,8,8,3,1386,,8,,9.66,260,68,31.17,996.85,236,17.27
2020-01-11 11:30,6,5,3,1339,,8,,3.22,212,66,31.5,996.71,235,17.27
2020-01-11 12:00,7,6,3,1150,,8,,14.48,359,64,32,996.34,58,17.27
2020-01-11 12:30,7,6,3,2156,,8,,3.22,13,66,31.17,996.24,108,17.27
2020-01-11 13:00,7,6,3,1616,,8,,4.83,14,68,30.61,995.93,157,17.27
2020-01-11 13:30,5,6,3,2633,,9,,3.22,318,69,30.28,995.76,113,17.27
2020-01-11 14:00,7,6,,1830,30,9,,6.44,332,65,30.89,995.32,38,17.27
2020-01-11 14:30,5,5,,922,,9,,6.44,350,63,32,994.95,73,17.27
2020-01-11 15:00,4,5,,,,9,,16.09,14,63,31.72,995.12,130,17.27
2020-01-11 15:30,5,4,3,863,,9,,4.83,230,62,31.78,994.95,182,17.27
2020-01-11 16:00,8,7,3,2346,24,9,,6.44,285,64,31.17,995.22,152,17.27
2020-01-11 16:30,6,6,3,3454,30,8,,1.61,238,68,30.22,995.32,190,17.27
2020-01-11 17:00,6,6,3,4313,10,9,,1.61,75,72,29.33,995.56,79,17.27
2020-01-11 17:30,6,5,3,5362,,8,,0,344,75,28.61,996.1,26,17.27
2020-01-11 18:00,8,8,,5387,20,6,,1.61,297,77,28.17,996.54,0,17.27
2020-01-11 18:30,9,8,,4613,,4,,0,291,80,27.78,997.05,0,0
2020-01-11 19:00,12,12,,6613,26,6,,0,251,82,27.56,997.59,0,0
2020-01-11 19:30,7,7,,314,,4,,0,107,92,23.56,998.44,0,13.72
2020-01-11 20:00,5,4,,1954,,4,,0,316,94,23.28,998.3,0,15.75
2020-01-11 20:30,4,4,,3033,,6,,1.61,41,94,23.39,998.3,0,18.03
2020-01-11 21:00,7,5,,2786,,6,,0,67,95,23.61,998.3,0,19.56
2020-01-11 21:30,11,10,,5527,,4,,1.61,67,95,23.83,997.93,0,20.32
2020-01-11 22:00,6,7,,4129,,5,,1.61,354,94,24,997.93,0,20.83
2020-01-11 22:30,3,3,,1791,,4,,3.22,32,91,24.22,997.73,0,20.83
2020-01-11 23:00,4,4,,1036,,4,,3.22,34,90,24.44,997.8,0,20.83
2020-01-11 23:30,4,4,,579,,4,,0,20,89,24.67,997.39,0,20.83
2020-01-12 00:00,5,4,,589,,4,,1.61,24,88,24.61,997.15,0,20.83
2020-01-12 00:30,5,5,,1762,,4,,0,25,88,24.56,996.71,0,20.83
2020-01-12 01:00,6,5,,612,,4,,0,13,87,24.61,996.2,0,20.83
2020-01-12 01:30,7,7,,,,4,,1.61,13,85,24.56,996.14,0,20.83
2020-01-12 02:00,5,5,,,,4,,0,31,84,24.67,995.83,0,20.83
2020-01-12 02:30,4,4,,,,4,,0,31,85,24.5,995.8,0,20.83
2020-01-12 03:00,4,4,,,,4,,0,31,84,24.56,995.56,0,20.83
2020-01-12 03:30,5,5,,,,4,,0,354,83,24.78,995.63,0,20.83
2020-01-12 04:00,5,4,,,,4,,0,354,84,24.72,995.8,0,20.83
2020-01-12 04:30,6,8,,585,,4,,0,354,85,24.44,995.76,0,20.83
2020-01-12 05:00,16,14,,6944,,4,,0,354,90,24.17,995.76,0,20.83
2020-01-12 05:30,13,12,3,13420,,2,,0,354,91,23.83,995.8,0,20.83
2020-01-12 06:00,18,17,5,16062,,2,,0,354,93,23.56,995.97,32,20.83
2020-01-12 06:30,22,22,5,16341,,4,,0,46,93,23.78,996.54,63,20.83
2020-01-12 07:00,8,8,8,16830,,4,,0,45,87,24.83,996.44,116,20.83
2020-01-12 07:30,9,6,5,10210,,6,,3.22,295,78,26.94,996.51,165,20.83
2020-01-12 08:00,6,7,5,5846,,6,,3.22,274,73,28.28,996.75,26,20.83
2020-01-12 08:30,5,6,5,3524,,6,,3.22,21,69,29.44,996.51,80,20.83
2020-01-12 09:00,5,4,3,1815,,6,,4.83,319,66,30.28,996.47,14,20.83
2020-01-12 09:30,4,4,3,609,,6,,1.61,96,64,30.67,996.14,85,20.83
2020-01-12 10:00,4,3,3,,,6,,6.44,327,59,31.61,996.07,82,20.83
2020-01-12 10:30,4,4,3,,,6,,3.22,37,59,31.39,996.14,241,20.83
2020-01-12 11:00,3,3,3,,,8,,4.83,14,59,31.94,995.7,39,20.83
2020-01-12 11:30,4,3,3,,,8,,8.05,29,59,31.89,995.49,52,20.83
2020-01-12 12:00,4,4,3,,,8,,3.22,305,57,32.44,995.15,180,20.83
2020-01-12 12:30,4,4,3,,,8,,3.22,227,58,32.89,994.75,209,20.83
2020-01-12 13:00,5,4,3,,,8,,6.44,8,57,33.17,994.61,182,20.83
2020-01-12 13:30,3,4,3,,,8,,6.44,343,57,33,994.14,23,20.83
2020-01-12 14:00,6,7,3,,,8,,1.61,22,58,32.22,993.83,140,20.83
2020-01-12 14:30,5,5,3,,,8,,3.22,324,63,31.06,993.66,117,20.83
2020-01-12 15:00,7,6,3,,,8,,1.61,300,64,30.61,993.56,6,20.83
2020-01-12 15:30,5,5,3,337,,8,,3.22,251,67,30.17,993.46,223,20.83
2020-01-12 16:00,11,9,3,526,,8,,4.83,14,67,30.06,993.66,197,20.83
2020-01-12 16:30,9,10,3,1147,,8,,3.22,347,69,29.78,993.93,153,20.83
2020-01-12 17:00,11,8,3,1110,,8,,1.61,40,68,29.44,994.17,111,20.83
2020-01-12 17:30,11,10,3,1762,,8,,0,29,70,29.17,994.65,58,20.83
2020-01-12 18:00,12,11,,1289,,6,,1.61,54,73,28.56,994.78,0,20.83
2020-01-12 18:30,11,10,,1383,,4,,1.61,335,75,28.17,995.02,0,0
2020-01-12 19:00,13,11,,2816,,4,,4.83,10,77,27.83,995.59,0,0
2020-01-12 19:30,12,11,,3059,,4,,0,308,79,27.5,996.17,0,0
2020-01-12 20:00,25,22,,6727,,4,,0,23,81,27.22,996.64,0,0
2020-01-12 20:30,23,21,,5127,,4,,0,23,82,26.89,996.27,0,0
2020-01-12 21:00,18,17,,16517,,4,,0,23,83,26.56,996.31,0,0
2020-01-12 21:30,15,15,,7304,,4,,0,23,83,26.33,996.54,0,0
2020-01-12 22:00,16,15,,9088,,2,,1.61,23,82,26.06,996.31,0,0
2020-01-12 22:30,20,19,,6374,,2,,3.22,326,83,26.06,996.24,0,0
2020-01-12 23:00,12,11,,3623,,2,,1.61,4,83,25.89,996.1,0,0
2020-01-12 23:30,12,10,,2422,,2,,1.61,32,82,25.89,995.7,0,0
2020-01-13 00:00,12,11,,1592,,2,,1.61,29,83,25.67,995.32,0,0
2020-01-13 00:30,11,9,,1234,,2,,1.61,52,83,25.5,994.98,0,0
2020-01-13 01:00,7,6,,940,,2,,0,359,84,25.39,994.65,0,0
2020-01-13 01:30,15,12,,,,2,,0,331,84,25.39,994.65,0,0
2020-01-13 02:00,28,27,,,,2,,1.61,286,84,25.33,994.27,0,0
2020-01-13 02:30,19,20,,260,,2,,0,286,85,25.22,994.17,0,0
2020-01-13 03:00,15,13,,424,,2,,0,286,86,25.11,993.93,0,0
2020-01-13 03:30,13,12,,1099,,2,,0,286,87,24.78,993.83,0,0
2020-01-13 04:00,7,7,,2413,,4,,0,285,88,24.72,994.1,0,0
2020-01-13 04:30,8,8,,1711,,4,,0,285,88,24.78,994.14,0,0
2020-01-13 05:00,8,7,,2602,,4,,0,285,88,24.67,994.21,0,0
2020-01-13 05:30,12,11,,3799,,4,,0,285,89,24.33,994.51,0,0
2020-01-13 06:00,13,12,,6425,,2,,0,286,89,24.28,994.88,42,0
2020-01-13 06:30,11,11,3,6364,,6,,3.22,347,84,25.78,995.05,90,0
2020-01-13 07:00,14,13,3,6365,,6,,1.61,4,80,27.17,995.49,135,0
2020-01-13 07:30,12,12,5,5558,,6,,3.22,327,78,27.83,995.39,243,0
2020-01-13 08:00,9,8,5,4482,,6,,3.22,4,73,28.83,995.32,141,0
2020-01-13 08:30,7,7,3,3188,,6,,3.22,265,71,29.61,995.46,15,0
2020-01-13 09:00,7,8,3,1299,,6,,3.22,305,69,30.06,995.36,73,0
2020-01-13 09:30,6,6,3,792,,8,,8.05,39,65,31.17,995.32,86,0
2020-01-13 10:00,8,7,3,1127,,8,,1.61,73,66,31.28,995.05,35,0
2020-01-13 10:30,8,7,3,317,,8,,3.22,277,63,31.67,994.92,12,0
2020-01-13 11:00,7,7,3,3101,,8,,4.83,9,63,32.17,994.78,18,0
2020-01-13 11:30,9,7,,3664,20,6,,4.83,4,59,33,994.38,123,0
2020-01-13 12:00,7,6,,1026,,6,,6.44,299,59,33.17,994.31,230,0
2020-01-13 12:30,6,6,,1216,,6,,4.83,301,57,33.61,993.93,73,0
2020-01-13 13:00,6,5,,1592,,6,,3.22,312,57,33.11,993.63,139,0
2020-01-13 13:30,5,5,3,1091,,8,,3.22,272,55,33.44,993.6,235,0
2020-01-13 14:00,5,4,3,1784,,8,,3.22,206,53,33.39,993.43,159,0
2020-01-13 14:30,6,4,3,935,,8,,12.87,77,52,33.22,993.29,70,0
2020-01-13 15:00,7,7,3,751,,8,,6.44,354,54,32.67,993.16,236,0
2020-01-13 15:30,6,6,3,684,,8,,3.22,268,56,32.33,993.26,243,0
2020-01-13 16:00,5,5,3,1864,,8,,3.22,265,59,32.06,993.33,4,0
2020-01-13 16:30,6,6,3,2517,,8,,3.22,10,63,30.72,993.6,181,0
2020-01-13 17:00,6,6,3,1662,,8,,3.22,68,64,30.11,993.83,121,0
2020-01-13 17:30,11,10,3,1358,,8,,3.22,224,68,29.5,994.17,56,0
2020-01-13 18:00,14,13,,5724,,6,,1.61,315,72,28.83,994.54,0,0
2020-01-13 18:30,23,22,,4790,,4,,1.61,240,75,28.28,995.09,0,0
2020-01-13 19:00,18,17,,2748,,4,,0,286,77,27.89,995.39,0,0
2020-01-13 19:30,22,21,,4374,,4,,1.61,354,78,27.56,995.73,0,0
2020-01-13 20:00,22,23,,6056,,4,,1.61,322,79,27.28,996.2,0,0
2020-01-13 20:30,32,31,,6364,,4,,1.61,27,79,27.11,996.07,0,0
2020-01-13 21:00,25,23,,14610,,4,,0,27,80,26.83,996.03,0,0
2020-01-13 21:30,22,21,,11016,,4,,0,27,80,26.44,996.1,0,0
2020-01-13 22:00,21,21,,7972,,4,,1.61,27,78,26.78,997.02,0,0
2020-01-13 22:30,14,14,,6688,,2,,0,27,78,26.89,996.64,0,0
2020-01-13 23:00,16,15,,6135,,2,,0,27,79,26.78,996.37,0,0
2020-01-13 23:30,17,16,,7338,,2,,0,27,80,26.56,996.24,0,0
2020-01-14 00:00,23,20,,4389,,2,,0,27,80,26.56,996.17,0,0
2020-01-14 00:30,11,10,,2325,,2,,0,21,81,26.67,996.07,0,0
2020-01-14 01:00,10,9,,1397,,2,,3.22,18,81,26.72,995.76,0,0
2020-01-14 01:30,5,5,,,,2,,0,19,84,26.5,995.43,0,0
2020-01-14 02:00,7,7,,1154,,2,,0,19,86,26.28,995.46,0,0
2020-01-14 02:30,14,15,,2744,,2,,0,19,87,26.17,995.32,0,0
2020-01-14 03:00,26,23,,3879,,2,,0,21,89,25.94,995.15,0,0.25
2020-01-14 03:30,26,22,,3517,,2,,0,21,91,25.61,995.26,0,0.25
2020-01-14 04:00,21,21,,2856,,4,,1.61,27,91,25.39,995.32,0,0.25
2020-01-14 04:30,22,20,,2889,,2,,1.61,187,91,25.5,995.32,0,0.25
2020-01-14 05:00,12,11,,1524,,4,,0,187,90,25.22,995.63,0,0.25
2020-01-14 05:30,19,18,,2651,,2,,1.61,187,92,25.22,995.63,0,0.25
2020-01-14 06:00,19,18,,4292,,4,,0,154,91,25.17,996.03,14,0.25
2020-01-14 06:30,28,29,3,8211,,4,,0,158,91,25.56,996.37,42,0.25
2020-01-14 07:00,20,20,5,8624,,6,,0,21,87,26.22,996.64,60,0.25
2020-01-14 07:30,21,20,5,7351,,6,,0,166,83,27.28,996.51,220,0.25
2020-01-14 08:00,10,9,5,5856,,8,,1.61,197,77,28.61,996.51,17,0.25
2020-01-14 08:30,11,11,5,3093,,9,,1.61,194,73,29.94,996.44,161,0.25
2020-01-14 09:00,14,13,5,4413,,8,,3.22,194,68,31.56,996.37,113,0.25
2020-01-14 09:30,18,16,5,3224,,8,,0,195,67,31.61,995.97,202,0.25
2020-01-14 10:00,20,16,5,3336,,8,,1.61,268,62,32.72,995.76,8,0.25
2020-01-14 10:30,22,20,5,3485,,8,,3.22,254,62,32.33,995.59,84,0.25
2020-01-14 11:00,23,21,5,4320,,8,,3.22,239,62,32.44,995.43,27,0.25
2020-01-14 11:30,24,23,5,4832,,8,,3.22,154,60,33.06,994.95,110,0.25
2020-01-14 12:00,26,22,5,3780,,8,,3.22,185,69,31.72,994.88,171,0.25
2020-01-14 12:30,13,12,3,3349,,8,,1.61,310,69,31.61,994.68,214,0.25
2020-01-14 13:00,16,15,3,5011,,8,,4.83,198,69,32.44,994.27,141,0.25
2020-01-14 13:30,13,12,,4442,,6,,6.44,187,60,32.78,994.17,225,0.25
2020-01-14 14:00,7,7,,3503,,6,,9.66,268,53,34.33,993.97,74,0.25
2020-01-14 14:30,8,7,,4644,,6,,3.22,354,53,34.33,993.73,186,0.25
2020-01-14 15:00,6,6,3,2572,,6,,3.22,306,57,33.22,993.9,51,0.25
2020-01-14 15:30,6,6,3,2328,,8,,1.61,8,58,32.28,993.9,59,0.25
2020-01-14 16:00,9,7,3,5000,,8,,8.05,189,64,31.5,994.17,192,0.25
2020-01-14 16:30,9,7,3,7454,29,9,,6.44,235,69,30.44,994.24,111,0.25
2020-01-14 17:00,11,10,5,7187,9,9,,4.83,253,72,29.83,994.85,47,0.25
2020-01-14 17:30,12,10,3,4582,67,8,,4.83,314,73,29.44,995.36,23,0.25
2020-01-14 18:00,14,19,,3059,,6,,3.22,231,74,29.17,995.56,0,0.25
2020-01-14 18:30,16,16,,5285,42,6,,3.22,193,75,28.94,996.03,0,0
2020-01-14 19:00,20,17,,14756,,4,,1.61,198,76,28.83,996.37,0,0
2020-01-14 19:30,14,13,,11030,63,4,,1.61,193,77,28.67,996.95,0,0
2020-01-14 20:00,13,12,,11670,,4,,0,276,79,28.39,997.19,0,0
2020-01-14 20:30,7,7,,7227,,2,,1.61,310,80,28.11,997.42,0,0
2020-01-14 21:00,7,6,,3426,,2,,0,347,81,28.06,997.86,0,0
2020-01-14 21:30,16,14,,5878,,2,,0,268,82,28,997.76,0,0
2020-01-14 22:00,13,11,,5783,,2,,0,21,83,27.61,997.73,0,0
2020-01-14 22:30,14,12,,12739,,2,,0,21,84,27.28,997.52,0,0
2020-01-14 23:00,12,11,,7004,,2,,0,21,85,27.28,997.39,0,0
2020-01-14 23:30,9,9,,2826,,2,,1.61,318,84,27.28,997.39,0,0
2020-01-15 00:00,4,5,,,,2,,0,290,86,26.5,997.32,0,0.25
2020-01-15 00:30,6,7,,977,,2,,0,339,88,26.17,996.75,0,0.25
2020-01-15 01:00,10,9,,1197,,2,,0,339,89,26.11,996.64,0,0.25
2020-01-15 01:30,18,16,,811,,2,,0,339,89,26.11,996.34,0,0.25
2020-01-15 02:00,17,16,,,,2,,1.61,339,89,26.17,996.41,0,0.25
2020-01-15 02:30,13,12,,,,2,,0,339,88,26.06,996.24,0,0.25
2020-01-15 03:00,14,14,,1468,,2,,0,339,89,25.89,996.14,0,0.25
2020-01-15 03:30,18,17,,1243,,2,,0,339,90,25.89,996.1,0,0.25
2020-01-15 04:00,16,15,,2792,,2,,0,339,90,25.67,996.1,0,0.25
2020-01-15 04:30,20,20,,2530,,2,,0,339,92,25.56,996.27,0,0.25
2020-01-15 05:00,22,19,,2903,,2,,0,339,92,25.44,996.58,0,0.25
2020-01-15 05:30,26,30,3,8204,,2,,0,339,93,25.33,996.81,0,0.25
2020-01-15 06:00,30,27,3,9623,,2,,0,339,93,25.44,996.98,28,0.25
2020-01-15 06:30,26,24,3,8631,,4,,0,339,92,25.83,997.29,53,0.25
2020-01-15 07:00,39,38,5,8553,,6,,0,14,89,26.5,997.59,77,0.25
2020-01-15 07:30,36,35,5,9764,,6,,0,52,84,27.56,997.52,148,0.25
2020-01-15 08:00,29,26,5,9274,,6,,1.61,153,77,29.17,997.69,89,0.25
2020-01-15 08:30,37,34,8,9574,,8,,1.61,204,75,29.78,997.83,199,0.25
2020-01-15 09:00,16,14,5,7172,,8,,3.22,235,70,30.5,997.86,5,0.25
2020-01-15 09:30,16,16,5,4982,,8,,3.22,183,65,31.78,997.96,227,0.25
2020-01-15 10:00,38,16,3,5026,67,9,,0,293,65,31.83,997.73,31,0.25
2020-01-15 10:30,22,20,3,4737,69,9,,1.61,266,68,31.11,997.83,8,0.25
2020-01-15 11:00,20,20,3,3635,65,9,,3.22,258,65,31.94,997.46,223,0.25
2020-01-15 11:30,22,16,3,3409,59,9,,0,217,67,31.67,997.05,227,0.25
2020-01-15 12:00,17,19,3,1638,,9,,3.22,177,68,31.61,996.75,57,0.25
2020-01-15 12:30,23,19,3,2707,22,9,,4.83,224,64,32.56,996.34,231,0.25
2020-01-15 13:00,25,30,,4262,153,13,,3.22,210,67,32,995.97,202,0.25
2020-01-15 13:30,17,16,,4884,102,11,,4.83,214,69,31.89,995.53,71,0.25
2020-01-15 14:00,17,16,3,4456,49,9,,4.83,189,66,32.89,995.22,125,0.25
2020-01-15 14:30,18,16,3,4047,,8,,0,88,65,32.72,995.09,148,0.25
2020-01-15 15:00,17,15,5,4270,,8,,1.61,225,65,32.44,994.78,155,0.25
2020-01-15 15:30,16,15,5,3305,,9,,1.61,184,68,31.56,995.15,34,0.25
2020-01-15 16:00,13,12,3,4164,,8,,6.44,222,71,30.39,995.12,151,0.25
2020-01-15 16:30,16,14,5,6274,,9,,0,40,74,30,995.43,79,0.25
2020-01-15 17:00,20,18,5,6771,,8,,1.61,11,76,29.44,995.9,56,0.25
2020-01-15 17:30,38,33,5,9313,,8,,1.61,322,77,28.94,996.68,11,0.25
2020-01-15 18:00,23,20,3,7424,,6,,3.22,200,79,28.72,997.02,0,0.25
2020-01-15 18:30,29,30,,7341,,4,,0,207,79,28.5,997.08,0,0
2020-01-15 19:00,30,30,,7052,,4,,1.61,202,81,28.33,997.76,0,0
2020-01-15 19:30,22,22,,9198,,4,,0,187,81,28.17,998.13,0,0
2020-01-15 20:00,42,39,,9098,,4,,0,175,81,28.11,998.3,0,0
2020-01-15 20:30,16,16,,7664,,2,,0,175,82,27.94,998.51,0,0
2020-01-15 21:00,14,12,,7322,,2,,0,208,82,27.89,998.57,0,0
2020-01-15 21:30,16,13,,18581,,2,,0,208,83,27.72,998.68,0,0
2020-01-15 22:00,16,14,,13308,,2,,0,207,84,27.56,998.71,0,0
2020-01-15 22:30,22,21,2,10988,,2,,0,208,84,27.67,998.74,0,0
2020-01-15 23:00,9,9,,4344,,2,,1.61,208,84,27.72,998.44,0,0
2020-01-15 23:30,13,13,,4044,,2,,0,321,88,27.56,998.47,0,1.02
2020-01-16 00:00,13,12,,3476,,2,,0,354,92,26.67,997.96,0,2.03
2020-01-16 00:30,8,7,,1628,,2,,0,27,92,26,997.76,0,2.03
2020-01-16 01:00,6,5,,447,,2,,1.61,27,92,25.56,997.39,0,2.03
2020-01-16 01:30,6,6,,622,,2,,0,27,92,25.5,997.39,0,2.03
2020-01-16 02:00,5,5,,232,,2,,0,35,92,25.44,997.32,0,2.03
2020-01-16 02:30,7,7,,307,,2,,0,35,92,25.44,997.25,0,2.03
2020-01-16 03:00,7,7,,1246,,2,,0,35,93,25.5,997.19,0,2.03
2020-01-16 03:30,8,8,,,,2,,0,35,93,25.33,997.46,0,2.03
2020-01-16 04:00,9,9,,,,2,,0,35,93,25.28,997.52,0,2.03
2020-01-16 04:30,9,8,,1668,,2,,0,35,93,25.5,997.8,0,2.03
2020-01-16 05:00,11,10,,1341,,2,,0,315,93,25.33,998.03,0,2.03
2020-01-16 05:30,11,10,,,,2,,0,354,93,25.33,998.2,0,2.03
2020-01-16 06:00,12,11,,1048,,2,,1.61,354,92,25.44,998.41,18,2.03
2020-01-16 06:30,15,16,,2381,,4,,0,359,91,25.67,998.47,72,2.03
2020-01-16 07:00,13,13,3,5663,,6,,1.61,12,88,26.83,998.64,181,2.03
2020-01-16 07:30,11,10,5,6646,,6,,0,15,85,27.72,999.05,134,2.03
2020-01-16 08:00,8,8,5,6474,,8,,1.61,178,81,28.61,999.12,145,2.03
2020-01-16 08:30,9,8,5,4604,,8,,1.61,209,75,30.11,999.18,35,2.03
2020-01-16 09:00,10,11,3,3018,,8,,1.61,218,74,30.17,999.29,99,2.03
2020-01-16 09:30,20,20,3,2755,,8,,1.61,205,72,30.72,999.01,89,2.03
2020-01-16 10:00,10,8,3,2204,,8,,6.44,230,68,30.89,999.01,196,2.03
2020-01-16 10:30,12,13,3,2527,,8,,1.61,210,70,30.94,998.61,45,2.03
2020-01-16 11:00,11,8,3,2529,,8,,1.61,286,71,31,998.47,205,2.03
2020-01-16 11:30,11,12,3,2336,,8,,3.22,303,72,30.78,998,59,2.03
2020-01-16 12:00,13,12,3,2138,,8,,1.61,274,65,31.94,997.66,96,2.03
2020-01-16 12:30,12,11,3,2264,,8,,1.61,328,66,31.94,997.25,50,2.03
2020-01-16 13:00,9,8,5,2428,,8,,8.05,193,60,33.83,996.61,136,2.03
2020-01-16 13:30,11,10,3,2362,,8,,3.22,207,63,33.06,996.41,34,2.03
2020-01-16 14:00,9,9,3,1890,,8,,6.44,190,60,33.78,996.2,88,2.03
2020-01-16 14:30,9,9,3,1470,,8,,3.22,191,61,33.44,995.93,228,2.03
2020-01-16 15:00,11,10,3,2264,,8,,9.66,190,59,33.72,995.66,196,2.03
2020-01-16 15:30,11,10,3,1964,,8,,6.44,196,59,33.67,995.83,56,2.03
2020-01-16 16:00,12,12,5,2384,,8,,4.83,338,62,33.06,995.8,60,
2020-01-16 16:30,15,15,5,5889,,8,,4.83,207,68,31.28,995.97,183,2.03
2020-01-16 17:00,16,14,5,6017,,8,,1.61,345,69,31.22,996.24,109,2.03
2020-01-16 17:30,13,12,5,8823,,6,,3.22,299,70,30.72,997.08,47,2.03
2020-01-16 18:00,17,15,3,7106,,4,,3.22,178,76,29.44,997.19,9,
2020-01-16 18:30,21,20,,6195,,4,,1.61,342,78,28.83,997.66,0,0
2020-01-16 19:00,19,17,,8122,,4,,0,210,78,28.5,998.17,0,0
2020-01-16 19:30,10,9,,10614,,2,,1.61,210,79,28.39,998.78,0,0
2020-01-16 20:00,12,13,,8770,,2,,0,201,80,28.22,999.18,0,0
2020-01-16 20:30,11,10,,6213,,2,,3.22,202,80,28,999.56,0,0
2020-01-16 21:00,9,9,,8601,,2,,0,328,81,27.83,999.69,0,0
2020-01-16 21:30,12,11,3,16151,,2,,0,328,82,27.61,999.42,0,
2020-01-16 22:00,13,12,,13936,,2,,0,328,82,27.61,999.35,0,0
2020-01-16 22:30,10,9,,7738,,2,,0,249,82,27.44,999.52,0,0
2020-01-16 23:00,12,12,,7841,,2,,0,249,84,27.11,999.42,0,0
2020-01-16 23:30,11,12,3,12700,,2,,0,249,85,26.78,999.01,0,0
2020-01-17 00:00,24,23,,5760,,2,,0,17,87,26.67,998.64,0,0
2020-01-17 00:30,21,21,,5616,,2,,0,17,88,26.44,998.34,0,0
2020-01-17 01:00,20,17,,6371,,2,,0,16,88,26.28,997.96,0,0
2020-01-17 01:30,13,13,,3783,,2,,1.61,16,88,26.11,997.8,0,0
2020-01-17 02:00,16,16,,2779,,2,,0,16,89,25.94,997.66,0,
2020-01-17 02:30,11,11,,1762,,2,,0,17,89,25.89,997.73,0,0
2020-01-17 03:00,14,13,,2086,,2,,0,16,89,25.72,997.83,0,0
2020-01-17 03:30,14,13,,980,,2,,0,16,89,25.72,998,0,0
2020-01-17 04:00,16,13,,2453,,2,,0,16,89,25.56,997.9,0,0
2020-01-17 04:30,11,12,,4141,,2,,0,16,90,25.22,997.93,0,0
2020-01-17 05:00,18,18,,6503,,2,,0,16,91,25.11,998.1,0,0
2020-01-17 05:30,27,25,5,13127,,2,,0,16,92,25,998.24,0,0
2020-01-17 06:00,26,23,5,15009,,2,,0,16,92,24.94,998.54,16,0
2020-01-17 06:30,44,39,8,16060,,4,,0,16,91,25.56,998.81,28,0
2020-01-17 07:00,26,24,8,16349,,6,,0,16,88,26.22,998.61,35,0
2020-01-17 07:30,6,5,8,12322,,6,,3.22,212,84,27.28,998.85,160,0
2020-01-17 08:00,8,9,5,7791,,8,,1.61,25,77,28.83,999.05,58,0
2020-01-17 08:30,8,8,5,4964,,8,,3.22,226,68,30.33,999.18,189,0
2020-01-17 09:00,7,7,5,4730,,8,,0,298,62,30.94,999.12,130,0
2020-01-17 09:30,12,11,5,3460,,6,,0,326,60,31.56,998.85,143,0
2020-01-17 10:00,14,13,3,3800,,8,,1.61,204,59,31.67,998.57,227,0
2020-01-17 10:30,11,10,3,3221,,8,,3.22,195,50,33.78,998.3,230,0
2020-01-17 11:00,8,8,5,1958,,8,,6.44,226,50,33.17,997.96,10,0
2020-01-17 11:30,10,9,3,1824,,8,,1.61,336,49,34.11,997.63,255,0
2020-01-17 12:00,9,8,3,1448,,8,,3.22,238,53,33.94,997.39,160,0
2020-01-17 12:30,6,6,3,797,,8,,6.44,199,50,34.33,996.98,230,0
2020-01-17 13:00,4,4,3,770,,8,,8.05,204,47,34.67,996.81,199,0
2020-01-17 13:30,3,3,3,1368,,8,,4.83,224,45,34.83,996.34,141,0
2020-01-17 14:00,4,4,5,1653,,8,,3.22,290,48,34.83,996.1,74,0
2020-01-17 14:30,5,4,5,1997,,8,,6.44,264,46,34.78,995.9,240,0
2020-01-17 15:00,6,6,5,2064,,8,,4.83,251,47,34.78,995.59,138,0
2020-01-17 15:30,5,6,5,2076,,8,,9.66,220,51,34.17,995.49,28,0
2020-01-17 16:00,7,7,5,2611,,8,,4.83,172,49,33.72,995.53,168,0
2020-01-17 16:30,10,9,5,3121,,8,,4.83,317,51,33.67,995.73,48,0
2020-01-17 17:00,11,11,5,4453,,8,,4.83,175,59,32.44,995.73,167,0
2020-01-17 17:30,14,13,5,5354,,6,,3.22,298,61,31.78,996.47,47,0
2020-01-17 18:00,22,14,3,6119,,4,,0,196,63,30.33,996.85,7,0
2020-01-17 18:30,15,13,,3270,,4,,3.22,191,64,29.61,997.36,0,0
2020-01-17 19:00,18,18,,9673,,2,,3.22,220,69,29.11,997.86,0,0
2020-01-17 19:30,26,23,,9527,,2,,1.61,199,74,28.56,998.3,0,0
2020-01-17 20:00,15,14,,7380,,2,,1.61,216,77,28.17,998.61,0,0
2020-01-17 20:30,18,16,,13335,,2,,4.83,176,79,27.89,998.91,0,0
2020-01-17 21:00,14,14,,8747,,2,,0,318,80,27.61,999.08,0,0
2020-01-17 21:30,15,16,,7486,,2,,0,317,81,27.39,999.25,0,0
2020-01-17 22:00,16,14,3,8940,,2,,0,317,81,27.17,999.25,0,0
2020-01-17 22:30,59,56,,9404,,2,,1.61,12,83,26.94,999.22,0,0
2020-01-17 23:00,29,26,,6313,,2,,1.61,18,83,26.67,999.18,0,0
2020-01-17 23:30,24,22,,5404,,2,,0,17,83,26.56,998.78,0,0
2020-01-18 00:00,16,16,,3590,,2,,0,20,84,26.5,998.68,0,0
2020-01-18 00:30,14,14,,3285,,2,,0,50,85,26.33,998.47,0,0
2020-01-18 01:00,16,14,,3221,,2,,0,50,85,26.22,998.13,0,0
2020-01-18 01:30,20,18,,8146,,2,,0,50,86,25.83,997.9,0,0
2020-01-18 02:00,85,78,,7624,,2,,0,142,88,25.67,997.76,0,0
2020-01-18 02:30,44,41,,9334,,2,,0,142,89,25.33,997.76,0,0
2020-01-18 03:00,29,28,,7528,,2,,0,142,89,25.11,997.69,0,0
2020-01-18 03:30,13,13,,3189,,2,,0,141,88,25,997.73,0,0
2020-01-18 04:00,11,10,,2150,,2,,0,141,88,24.78,997.8,0,0
2020-01-18 04:30,10,9,,4002,,2,,0,141,88,24.5,997.96,0,0
2020-01-18 05:00,12,12,,6552,,2,,0,141,89,24.44,998.1,0,0
2020-01-18 05:30,35,34,10,14079,,2,,0,141,90,24.44,998.34,0,0
2020-01-18 06:00,38,37,10,15198,,2,,0,141,91,24.44,998.57,16,0
2020-01-18 06:30,36,33,9,13490,,4,,1.61,141,90,24.83,998.91,26,0
2020-01-18 07:00,17,16,8,11584,,4,,0,25,86,25.67,999.22,32,0
2020-01-18 07:30,21,21,8,7552,,6,,1.61,39,80,26.78,999.45,165,0
2020-01-18 08:00,9,8,5,6904,,6,,3.22,322,75,28.61,999.45,58,0
2020-01-18 08:30,11,10,5,5628,,8,,1.61,225,69,29.83,999.49,170,0
2020-01-18 09:00,11,10,5,4532,,8,,0,114,64,30.89,999.25,104,0
2020-01-18 09:30,15,14,5,3086,,8,,1.61,235,60,32.11,998.95,157,0
2020-01-18 10:00,14,13,5,2810,,8,,0,335,59,31.89,998.61,55,0
2020-01-18 10:30,14,13,5,2730,,9,,8.05,220,53,33.78,998.27,18,0
2020-01-18 11:00,13,12,3,2099,,9,,8.05,222,51,33.94,997.8,39,0
2020-01-18 11:30,11,10,3,1646,,8,,1.61,201,47,33.94,997.05,255,0
2020-01-18 12:00,10,9,5,1506,,8,,8.05,189,44,34.78,996.61,13,0
2020-01-18 12:30,13,11,3,956,,8,,1.61,195,45,35.06,996.34,230,0
2020-01-18 13:00,10,9,3,861,,9,,1.61,314,47,34.94,995.8,151,0
2020-01-18 13:30,10,10,5,2236,,8,,4.83,25,54,34.5,995.73,225,0
2020-01-18 14:00,10,6,3,2223,,8,,1.61,249,52,34.78,995.36,60,0
2020-01-18 14:30,20,9,3,1959,,8,,3.22,280,51,35.39,995.15,219,0
2020-01-18 15:00,8,8,5,2501,,9,,1.61,195,50,35.11,994.95,121,0
2020-01-18 15:30,8,7,5,2036,,8,,1.61,25,54,34.44,994.54,10,0
2020-01-18 16:00,8,9,5,2332,,9,,3.22,186,53,34.11,994.78,152,0
2020-01-18 16:30,14,11,5,2642,,8,,3.22,314,56,33.56,995.05,34,0
2020-01-18 17:00,11,11,5,3004,,8,,3.22,189,57,33,995.49,155,0
2020-01-18 17:30,17,17,5,4783,,8,,0,273,63,32,996.07,47,0
2020-01-18 18:00,21,21,3,7464,,4,,1.61,323,68,30.5,996.68,7,0
2020-01-18 18:30,24,23,,4211,,4,,4.83,210,69,29.72,997.22,0,0
2020-01-18 19:00,8,7,,5370,,2,,6.44,178,72,29.17,997.76,0,0
2020-01-18 19:30,16,16,,6343,,2,,0,191,74,28.72,998.27,0,0
2020-01-18 20:00,27,22,,3052,,2,,1.61,193,75,28.44,998.51,0,0
2020-01-18 20:30,7,7,,12289,,2,,0,199,76,28.22,998.71,0,0
2020-01-18 21:00,6,6,,4374,,2,,1.61,193,76,28.28,999.05,0,0
2020-01-18 21:30,4,6,,5977,,2,,1.61,244,76,28.28,999.39,0,0
2020-01-18 22:00,9,8,,8010,,2,,0,244,77,28,999.62,0,0
2020-01-18 22:30,21,22,,10439,,2,,0,244,79,27.78,999.62,0,0
2020-01-18 23:00,37,35,3,11595,,2,,0,244,80,27.56,999.56,0,0
2020-01-18 23:30,36,34,,9355,,2,,0,258,81,27.44,999.12,0,0
2020-01-19 00:00,28,29,,8048,,2,,1.61,335,82,27.22,998.98,0,0
2020-01-19 00:30,22,21,,6177,,2,,1.61,354,82,27.06,998.71,0,0
2020-01-19 01:00,24,22,,6602,,2,,0,354,83,26.89,998.44,0,0
2020-01-19 01:30,21,19,,5864,,2,,0,354,83,26.78,998.17,0,0
2020-01-19 02:00,16,15,,3319,,2,,1.61,354,83,26.56,998,0,0
2020-01-19 02:30,14,13,,2269,,2,,0,354,83,26.33,997.8,0,0
2020-01-19 03:00,15,14,,2316,,2,,3.22,27,84,26.11,997.76,0,0
2020-01-19 03:30,11,9,,650,,2,,0,24,85,25.83,997.59,0,0
2020-01-19 04:00,11,10,,503,,2,,0,24,85,25.78,997.76,0,0
2020-01-19 04:30,12,12,,1626,,2,,0,24,85,25.67,997.93,0,0
2020-01-19 05:00,12,11,,4503,,2,,1.61,26,85,25.56,998.07,0,0
2020-01-19 05:30,34,34,3,8947,,2,,0,26,88,25.56,998.3,0,0
2020-01-19 06:00,50,45,3,9185,,2,,0,26,88,25.5,998.41,18,0
2020-01-19 06:30,29,27,3,8345,,4,,0,26,86,25.72,998.57,28,0
2020-01-19 07:00,26,25,5,7580,,4,,1.61,29,83,26.67,998.95,91,0
2020-01-19 07:30,24,21,5,6233,,6,,0,4,79,27.67,999.29,134,0
2020-01-19 08:00,8,8,5,3578,,6,,4.83,191,75,28.67,999.56,70,0
2020-01-19 08:30,8,7,5,1952,,8,,3.22,330,66,30.39,999.56,179,0
2020-01-19 09:00,10,10,5,1467,,8,,4.83,326,62,31.94,999.59,230,0
2020-01-19 09:30,14,12,3,928,,8,,4.83,195,61,31.72,999.29,255,0
2020-01-19 10:00,9,8,5,1002,,8,,8.05,39,58,31.72,999.01,204,0
2020-01-19 10:30,10,10,5,,,8,,4.83,349,57,32.39,998.47,167,0
2020-01-19 11:00,12,11,4,692,,8,,3.22,233,53,33.83,997.86,29,0
2020-01-19 11:30,14,12,3,550,,8,,1.61,183,53,34.11,997.56,85,0
2020-01-19 12:00,13,13,3,694,,8,,6.44,256,54,34.39,997.15,148,0
2020-01-19 12:30,19,15,3,294,,8,,4.83,210,52,34.28,996.78,99,0
2020-01-19 13:00,12,11,3,738,,8,,0,187,53,34.17,996.31,34,0
2020-01-19 13:30,9,8,3,980,,8,,3.22,217,53,35.11,995.83,179,0
2020-01-19 14:00,12,9,3,654,,8,,4.83,232,52,35.06,995.56,55,0
2020-01-19 14:30,6,6,3,,,8,,8.05,291,57,34.33,995.36,230,0
2020-01-19 15:00,5,6,3,616,,8,,4.83,314,55,34.83,995.32,126,0
2020-01-19 15:30,5,5,3,676,,8,,3.22,169,53,34.39,995.22,15,0
2020-01-19 16:00,6,6,3,575,,8,,3.22,326,53,33.94,995.12,147,0
2020-01-19 16:30,8,7,3,,,8,,1.61,158,56,33.78,995.43,36,0
2020-01-19 17:00,11,10,5,672,,8,,3.22,172,59,32.67,995.66,160,0
2020-01-19 17:30,9,14,5,2406,,8,,6.44,218,61,31.61,996.51,51,0
2020-01-19 18:00,15,13,,4471,,6,,1.61,226,66,30.39,996.95,9,0
2020-01-19 18:30,18,18,,1383,,4,,1.61,212,69,29.61,997.56,0,0
2020-01-19 19:00,14,11,,2407,,2,,1.61,176,73,29.11,997.69,0,0
2020-01-19 19:30,7,7,,7736,,2,,3.22,273,74,28.78,998.3,0,0
2020-01-19 20:00,12,12,,8790,,2,,0,249,76,28.44,998.57,0,0
2020-01-19 20:30,7,7,,4610,,2,,0,232,76,28.28,998.91,0,0
2020-01-19 21:00,10,10,,4291,,2,,0,203,77,28.33,999.15,0,0
2020-01-19 21:30,9,9,,7973,,2,,0,208,78,28.22,999.22,0,0
2020-01-19 22:00,29,28,,6337,,2,,0,208,80,27.94,999.49,0,0
2020-01-19 22:30,29,27,,6066,,2,,1.61,48,81,27.61,999.42,0,0
2020-01-19 23:00,28,34,,4219,,2,,3.22,18,82,27.39,999.18,0,0
2020-01-19 23:30,22,20,,5971,,2,,0,16,82,27.28,998.98,0,0
2020-01-20 00:00,17,15,,2075,,2,,0,29,83,27.17,998.91,0,0
2020-01-20 00:30,14,13,,2222,,2,,0,26,83,27,998.34,0,0
2020-01-20 01:00,13,12,,7634,,2,,0,26,84,26.78,997.9,0,0
2020-01-20 01:30,13,12,,1234,,2,,0,26,85,26.39,997.73,0,0
2020-01-20 02:00,13,12,,583,,2,,0,26,85,26.33,997.59,0,0
2020-01-20 02:30,15,14,,,,2,,0,26,85,26.17,997.59,0,0
2020-01-20 03:00,11,10,,,,2,,0,26,85,26.06,997.76,0,0
2020-01-20 03:30,26,24,,1972,,2,,1.61,26,87,25.89,997.66,0,0
2020-01-20 04:00,15,12,,1004,,2,,0,26,86,25.72,997.66,0,0
2020-01-20 04:30,13,13,,570,,2,,3.22,26,86,25.61,997.8,0,0
2020-01-20 05:00,25,28,,6248,,2,,0,26,86,25.56,997.86,0,0
2020-01-20 05:30,10,9,,2113,,2,,0,26,85,25.33,998.07,5,0
2020-01-20 06:00,15,14,,2406,,2,,0,25,85,25.28,998.37,25,0
2020-01-20 06:30,14,13,,3998,,4,,1.61,36,82,25.61,998.57,39,0
2020-01-20 07:00,23,22,3,4615,,6,,0,62,80,26.56,998.57,47,0
2020-01-20 07:30,28,24,5,6272,,6,,0,63,77,27.61,998.95,9,0
2020-01-20 08:00,11,10,5,4327,,6,,1.61,93,74,28.83,999.01,24,0
2020-01-20 08:30,13,14,5,4180,,8,,0,252,69,30.44,999.25,174,0
2020-01-20 09:00,14,13,5,4170,,8,,3.22,248,64,31.33,999.25,149,0
2020-01-20 09:30,15,12,3,4500,,9,,3.22,196,61,31.83,999.29,125,0
2020-01-20 10:00,14,13,5,4386,,8,,3.22,180,56,33,998.91,241,0
2020-01-20 10:30,13,13,5,3327,,8,,3.22,214,54,33.56,998.78,41,0
2020-01-20 11:00,23,15,5,2259,,9,,1.61,310,55,34,998.44,48,0
2020-01-20 11:30,9,9,3,1810,,8,,0,343,50,34.17,998.24,127,0
2020-01-20 12:00,11,9,5,1087,,8,,3.22,56,49,35.17,997.86,94,0
2020-01-20 12:30,12,12,5,1566,,8,,3.22,194,53,34.94,997.32,83,0
2020-01-20 13:00,12,11,3,1733,,8,,6.44,216,54,34.78,997.19,241,0
2020-01-20 13:30,7,6,3,2765,,8,,3.22,32,55,34.39,996.51,165,0
2020-01-20 14:00,7,7,5,1915,,8,,6.44,228,53,34.56,996.34,55,0
2020-01-20 14:30,7,7,5,2670,,8,,1.61,290,54,34.5,996.1,214,0
2020-01-20 15:00,6,5,5,2226,,8,,3.22,183,53,34.22,995.59,121,0
2020-01-20 15:30,12,10,5,2124,,9,,4.83,186,55,33.72,995.53,254,0
2020-01-20 16:00,7,6,5,3136,,8,,1.61,76,58,32.78,995.66,145,0
2020-01-20 16:30,11,10,5,3996,,9,,1.61,31,62,32.28,995.73,16,0
2020-01-20 17:00,13,11,5,4720,,8,,3.22,266,65,31.44,996.2,151,0
2020-01-20 17:30,12,10,5,6218,,8,,3.22,177,66,31,996.91,54,0
2020-01-20 18:00,10,11,,3823,,6,,6.44,303,71,29.94,997.76,9,0
2020-01-20 18:30,21,20,,3437,,4,,1.61,212,76,29.22,998.57,0,0
2020-01-20 19:00,10,9,,5399,,4,,3.22,327,77,28.94,998.85,0,0
2020-01-20 19:30,24,22,,6413,,4,,0,323,80,28.61,999.25,0,0
2020-01-20 20:00,15,13,,7240,,4,,1.61,318,81,28.5,999.18,0,0
2020-01-20 20:30,12,10,,7222,,2,,0,260,81,28.39,999.69,0,0
2020-01-20 21:00,11,10,,7766,,2,,0,304,82,28.22,1000.2,0,0
2020-01-20 21:30,8,7,,5697,,2,,0,311,82,28.17,1000.3,0,0
2020-01-20 22:00,9,7,,4886,,2,,0,333,82,28.06,1000.44,0,0
2020-01-20 22:30,21,22,,9806,,2,,0,333,83,27.89,1000.64,0,0
2020-01-20 23:00,17,18,,5628,,2,,0,333,84,27.72,1000.4,0,0
2020-01-20 23:30,26,23,,5652,,2,,0,359,84,27.61,1000.06,0,0
2020-01-21 00:00,22,20,,9048,,2,,0,359,85,27.44,999.79,0,0
2020-01-21 00:30,17,17,,3261,,2,,0,359,85,27.28,999.35,0,0
2020-01-21 01:00,17,15,,1935,,2,,0,354,85,27.11,999.08,0,0
2020-01-21 01:30,17,16,,1473,,2,,0,340,85,26.94,998.81,0,0
2020-01-21 02:00,17,17,,1850,,2,,0,340,86,26.67,999.01,0,0
2020-01-21 02:30,15,16,,1148,,2,,0,340,86,26.44,998.98,0,0
2020-01-21 03:00,16,13,,291,,2,,0,340,85,26.33,998.98,0,0
2020-01-21 03:30,16,14,,585,,2,,0,27,84,26.17,999.01,0,0
2020-01-21 04:00,14,13,,1856,,2,,0,27,84,25.89,998.85,0,0
2020-01-21 04:30,16,14,,1756,,4,,0,27,84,25.89,998.78,0,0
2020-01-21 05:00,26,25,,1413,,4,,0,27,86,25.72,998.95,0,0
2020-01-21 05:30,31,30,3,8553,,2,,0,27,86,25.56,999.42,0,0
2020-01-21 06:00,30,42,3,8339,,2,,0,27,85,25.5,999.69,23,0
2020-01-21 06:30,23,23,5,10868,,4,,0,27,83,26.11,999.86,47,0
2020-01-21 07:00,30,28,5,9499,,6,,0,100,82,27,1000.27,100,0
2020-01-21 07:30,34,33,5,7971,,6,,0,168,79,27.72,1000.78,4,0
2020-01-21 08:00,32,28,5,8006,,8,,1.61,204,76,28.94,1000.67,245,0
2020-01-21 08:30,35,30,5,5935,,8,,3.22,160,71,30.17,1000.71,0,0
2020-01-21 09:00,35,33,3,5428,27,9,,0,166,68,31.44,1000.47,219,0
2020-01-21 09:30,34,31,5,4709,,9,,1.61,345,66,31.5,1000.3,178,0
2020-01-21 10:00,43,38,5,4696,,9,,4.83,188,65,31.61,1000.1,2,0
2020-01-21 10:30,42,40,5,5011,,9,,8.05,214,62,32.61,999.76,74,0
2020-01-21 11:00,36,33,5,6530,,8,,3.22,156,62,32.44,999.29,53,0
2020-01-21 11:30,30,28,5,5581,,9,,4.83,184,57,33.89,998.68,76,0
2020-01-21 12:00,31,27,5,4249,,9,,1.61,199,56,34.22,998.2,143,0
2020-01-21 12:30,27,25,5,3425,,9,,0,198,58,33.56,997.66,103,0
2020-01-21 13:00,26,26,5,3048,,8,,1.61,182,59,33.44,997.25,53,0
2020-01-21 13:30,30,27,5,3755,,9,,3.22,316,59,33.44,996.64,66,0
2020-01-21 14:00,18,17,5,4114,,8,,1.61,226,59,34.17,996.14,2,0
2020-01-21 14:30,13,11,5,4027,,8,,4.83,183,56,34.94,995.66,65,0
2020-01-21 15:00,10,9,3,3532,,8,,3.22,174,59,34.33,996,99,0
2020-01-21 15:30,15,15,3,2736,,8,,1.61,149,71,32.22,996.64,71,
2020-01-21 16:00,14,13,3,2874,,8,,4.83,41,80,27.94,997.02,141,0.76
2020-01-21 16:30,16,16,3,3430,,6,,0,52,81,27.44,997.83,47,0.76
2020-01-21 17:00,24,23,3,4311,,6,,1.61,57,79,28.17,997.83,63,0.76
2020-01-21 17:30,25,25,,4287,,6,,1.61,341,79,27.89,997.69,26,0.76
2020-01-21 18:00,28,28,,7418,61,6,,1.61,320,78,27.94,997.83,16,0.76
2020-01-21 18:30,35,34,,7587,,6,,4.83,25,78,27.78,998.44,0,0
2020-01-21 19:00,24,22,,4059,16,4,,1.61,41,81,27.28,999.05,0,0
2020-01-21 19:30,18,16,,4059,16,4,,0,25,82,27,999.52,0,0
2020-01-21 20:00,18,18,,4059,16,4,,0,27,82,27,999.96,0,0
2020-01-21 20:30,22,20,,4059,16,4,,0,68,82,27,1000.37,0,0
2020-01-21 21:00,48,50,,4059,16,4,,0,79,84,27.06,1000.64,0,0
2020-01-21 21:30,41,40,,4059,16,4,,0,79,83,27.22,1000.74,0,0
2020-01-21 22:00,49,48,,4059,16,4,,0,79,84,27.44,1001.18,0,0
2020-01-21 22:30,55,51,,4059,16,4,,0,79,84,27.17,1001.08,0,0
2020-01-21 23:00,49,46,,4059,16,4,,0,79,84,27.06,1000.74,0,0
2020-01-21 23:30,50,45,3,18658,32,4,,0,103,85,26.94,1000.81,0,0
2020-01-22 00:00,52,49,,10079,,4,,1.61,103,86,26.67,1000.34,0,0
2020-01-22 00:30,55,52,,15950,16,4,,0,103,87,26.56,1000.13,0,0
2020-01-22 01:00,59,53,,11974,,4,,0,103,87,26.39,999.79,0,0
2020-01-22 01:30,52,51,,8656,,4,,0,103,87,26.22,999.39,0,0
2020-01-22 02:00,48,44,,7077,,4,,0,97,87,26.11,999.25,0,0
2020-01-22 02:30,40,39,,5723,,4,,0,97,87,25.94,999.05,0,
2020-01-22 03:00,43,44,,5434,,4,,0,97,88,25.89,999.22,0,0
2020-01-22 03:30,48,45,,3620,,2,,0,97,88,26,999.15,0,0
2020-01-22 04:00,50,45,,3086,,2,,0,95,89,26,999.05,0,0
2020-01-22 04:30,48,46,,3406,,2,,1.61,55,89,25.94,999.49,0,0
2020-01-22 05:00,49,46,,2673,,2,,0,79,90,25.67,999.52,0,0
2020-01-22 05:30,52,49,,3296,,2,,0,79,88,25.56,999.45,0,0
2020-01-22 06:00,39,38,,3607,,2,,0,79,87,25.78,999.59,23,0
2020-01-22 06:30,38,39,,4349,,4,,0,79,86,26,999.76,54,0
2020-01-22 07:00,43,40,3,6284,,4,,0,114,84,26.94,1000.2,77,0
2020-01-22 07:30,37,35,3,6655,,6,,4.83,85,82,27.72,1000.5,176,0
2020-01-22 08:00,35,30,3,5320,,6,,1.61,276,76,29.11,1000.4,248,0
2020-01-22 08:30,13,15,3,4209,,6,,6.44,247,72,30.5,1000.3,128,0
2020-01-22 09:00,22,22,3,3284,,6,,1.61,223,67,31.78,1000.3,41,0
2020-01-22 09:30,25,22,3,2825,,6,,1.61,208,67,31.67,1000.4,67,0
2020-01-22 10:00,27,31,3,3460,,6,,3.22,184,65,31.83,999.86,82,0
2020-01-22 10:30,27,22,3,2145,,6,,1.61,149,65,32.28,999.62,168,0
2020-01-22 11:00,21,21,,10003,,6,,0,247,62,33.28,999.01,113,0
2020-01-22 11:30,22,22,,3360,,4,,3.22,335,60,33.61,998.61,67,0
2020-01-22 12:00,22,19,,2928,,4,,0,345,57,34.11,998.03,253,0
2020-01-22 12:30,19,17,3,2252,,6,,0,135,58,33.17,997.66,109,0
2020-01-22 13:00,15,14,3,2304,,8,,4.83,37,80,27.83,997.59,105,6.6
2020-01-22 13:30,13,13,3,2233,,6,,0,62,84,26.67,996.64,171,9.65
2020-01-22 14:00,20,20,5,7377,,8,,3.22,15,87,27.89,996.24,91,9.65
2020-01-22 14:30,22,20,5,5821,,9,,1.61,11,85,27.44,996.27,84,9.91
2020-01-22 15:00,18,17,5,5523,,8,,4.83,174,87,27.11,996.34,93,10.16
2020-01-22 15:30,13,12,5,4965,,8,,6.44,164,85,26.33,995.76,127,10.16
2020-01-22 16:00,18,18,5,5712,,9,,3.22,170,82,27,995.83,221,10.16
2020-01-22 16:30,16,14,5,7528,,8,,0,174,79,28,996.34,102,10.16
2020-01-22 17:00,20,19,8,14799,52,9,,0,52,80,27.94,996.78,40,10.16
2020-01-22 17:30,25,24,5,12611,80,9,,0,52,82,27.94,997.56,12,10.16
2020-01-22 18:00,21,21,,5140,,6,,1.61,29,81,27.72,997.96,0,10.16
2020-01-22 18:30,11,11,,2319,,6,,3.22,27,82,26.39,998.27,0,0
2020-01-22 19:00,10,9,,1878,,6,,3.22,23,82,25.83,998.54,0,0
2020-01-22 19:30,12,10,,4270,45,6,,3.22,37,87,25.33,998.95,0,4.57
2020-01-22 20:00,9,8,,1613,,4,,1.61,325,91,24.33,999.39,0,7.11
2020-01-22 20:30,12,12,,3239,,4,,0,23,91,24.28,999.56,0,10.16
2020-01-22 21:00,12,11,,6458,,6,,0,33,91,24.5,999.79,0,10.16
2020-01-22 21:30,16,16,,12572,33,6,,0,101,92,24.67,999.76,0,10.16
2020-01-22 22:00,19,20,5,22036,18,4,,0,102,93,24.94,999.9,0,10.16
2020-01-22 22:30,22,20,5,23291,20,4,,0,102,93,24.94,999.79,0,10.16
2020-01-22 23:00,28,30,5,24454,18,4,,0,102,93,24.89,999.9,0,10.16
2020-01-22 23:30,20,19,5,25138,,4,,0,102,94,24.89,999.66,0,10.16
2020-01-23 00:00,26,25,5,22960,,4,,1.61,169,94,24.94,999.35,0,10.16
2020-01-23 00:30,26,24,5,18743,,4,,0,169,94,24.83,998.51,0,10.16
2020-01-23 01:00,34,33,3,17932,,4,,0,169,94,24.78,998.03,0,10.16
2020-01-23 01:30,34,31,3,17293,,4,,0,169,95,24.61,997.73,0,10.16
2020-01-23 02:00,32,31,3,13631,,4,,0,168,94,24.61,997.32,0,10.16
2020-01-23 02:30,32,28,3,12909,,4,,0,169,94,24.5,996.98,0,10.16
2020-01-23 03:00,30,26,,9623,,4,,1.61,168,94,24.44,996.81,0,10.16
2020-01-23 03:30,28,27,,7319,,4,,0,97,94,24.56,996.58,0,10.16
2020-01-23 04:00,30,28,,4974,,4,,0,97,94,24.56,996.75,0,10.16
2020-01-23 04:30,25,23,,8355,,4,,0,97,94,24.61,996.95,0,10.16
2020-01-23 05:00,23,22,,5722,,4,,0,97,94,24.56,997.12,0,10.16
2020-01-23 05:30,25,22,,7661,,4,,0,97,93,24.44,997.39,0,10.16
2020-01-23 06:00,37,34,3,8731,,2,,0,97,94,24.28,997.66,11,10.16
2020-01-23 06:30,27,26,5,15555,,4,,1.61,97,93,24.56,998.24,44,10.16
2020-01-23 07:00,34,32,8,13518,,6,,0,97,89,25.39,997.86,65,10.16
2020-01-23 07:30,26,25,5,10273,,6,,3.22,169,86,26.83,998.2,167,10.16
2020-01-23 08:00,29,29,5,9245,,6,,0,262,81,28.33,998.61,220,10.16
2020-01-23 08:30,25,23,5,6878,,8,,3.22,188,78,29.17,998.71,38,10.16
2020-01-23 09:00,20,17,5,6410,,8,,6.44,189,74,30.06,998.68,30,10.16
2020-01-23 09:30,29,25,5,3533,,8,,8.05,226,72,31,998.54,83,10.16
2020-01-23 10:00,18,18,3,2908,,8,,3.22,160,65,32.17,998.34,0,10.16
2020-01-23 10:30,24,16,5,2027,,8,,4.83,181,68,31.28,998.2,124,10.16
2020-01-23 11:00,17,16,3,3275,,8,,4.83,190,64,32.5,997.96,58,10.16
2020-01-23 11:30,16,15,5,2434,,9,,4.83,245,65,31.78,997.49,22,10.16
2020-01-23 12:00,20,19,3,2289,,8,,1.61,168,65,32.72,997.02,159,10.16
2020-01-23 12:30,24,21,5,3430,,8,,1.61,290,69,32.33,996.64,153,10.16
2020-01-23 13:00,15,14,5,4860,,8,,4.83,288,70,31.61,996.2,11,10.16
2020-01-23 13:30,17,16,5,3739,,9,,1.61,298,64,33.56,995.53,225,10.16
2020-01-23 14:00,24,22,3,3634,,9,,1.61,96,67,33,995.22,218,10.16
2020-01-23 14:30,21,18,3,3622,10,9,,6.44,64,74,28.83,994.98,21,10.16
2020-01-23 15:00,21,18,3,3459,,8,,1.61,214,90,25.78,995.22,21,29.46
2020-01-23 15:30,16,14,3,3637,,8,,1.61,50,94,25.11,995.05,83,41.15
2020-01-23 16:00,14,12,5,7114,24,9,,3.22,48,93,25.39,994.95,65,41.4
2020-01-23 16:30,15,13,3,8370,65,9,,0,52,92,25.67,994.88,107,41.4
2020-01-23 17:00,17,18,5,11635,56,9,,0,29,87,27.22,995.19,1,41.4
2020-01-23 17:30,19,16,5,11040,62,9,,0,25,85,27.72,995.76,90,41.4
2020-01-23 18:00,19,19,,7144,39,6,,0,24,86,27.56,996.31,11,41.4
2020-01-23 18:30,21,19,3,23602,94,6,,0,24,88,27.33,996.88,0,0
2020-01-23 19:00,30,29,3,24496,122,6,,0,149,88,27.28,997.08,0,0
2020-01-23 19:30,37,36,5,30376,124,6,,0,149,90,27.06,997.69,0,0
2020-01-23 20:00,36,35,5,28358,102,6,,0,149,90,26.94,998.24,0,0
2020-01-23 20:30,33,33,5,23824,84,4,,0,152,89,26.89,998.57,0,0
2020-01-23 21:00,33,32,3,22042,82,4,,0,152,90,26.72,998.74,0,0
2020-01-23 21:30,50,45,3,19303,69,4,,1.61,151,90,26.56,998.98,0,0
2020-01-23 22:00,53,51,3,22016,45,4,,0,151,91,26.78,999.12,0,0
2020-01-23 22:30,61,57,3,17956,49,4,,0,151,89,26.67,999.29,0,0
2020-01-23 23:00,62,57,8,30385,36,4,,0,150,91,26.61,999.05,0,0
2020-01-23 23:30,57,52,10,35891,,2,,0,151,92,26.33,998.81,0,0
2020-01-24 00:00,63,60,6,24000,,3,,0,151,92,26.06,998.44,0,0
2020-01-24 00:30,60,57,3,10877,,2,,0,96,92,25.94,997.86,0,0
2020-01-24 01:00,61,58,,9370,,2,,0,96,92,25.89,997.56,0,0
2020-01-24 01:30,59,57,,9095,,2,,0,96,92,25.83,997.02,0,0
2020-01-24 02:00,64,60,3,13523,,2,,0,96,93,25.61,996.75,0,0
2020-01-24 02:30,64,60,3,13208,,2,,0,96,94,25.33,996.34,0,0
2020-01-24 03:00,63,60,3,12801,,2,,0,96,94,25.22,996.2,0,0
2020-01-24 03:30,63,58,3,12339,,2,,0,96,95,25.06,996.24,0,0
2020-01-24 04:00,60,57,3,14185,,2,,0,96,95,24.89,996.47,0,0
2020-01-24 04:30,59,56,5,15122,,2,,0,96,95,25.06,996.78,0,0
2020-01-24 05:00,54,52,5,14792,,2,,0,96,95,24.83,996.85,0,0
2020-01-24 05:30,43,41,5,15056,,2,,0,96,95,24.78,997.02,0,0
2020-01-24 06:00,38,34,5,14279,,2,,0,96,95,24.78,997.49,16,0
2020-01-24 06:30,34,33,5,14862,,4,,0,96,94,24.94,997.66,39,0
2020-01-24 07:00,35,32,5,13457,,6,,0,96,92,25.67,997.86,65,0
2020-01-24 07:30,33,28,5,13803,,6,,0,95,89,26.78,998.3,113,0
2020-01-24 08:00,35,33,6,11598,,7,,0,61,86,27.72,998.64,151,0
2020-01-24 08:30,27,26,5,9908,,8,,0,74,82,28.44,998.81,169,0
2020-01-24 09:00,20,16,5,6386,,6,,1.61,187,72,30.61,998.61,251,0
2020-01-24 09:30,15,13,5,7494,,8,,3.22,204,67,31.89,998.37,79,0
2020-01-24 10:00,15,14,3,3600,,8,,3.22,55,62,33.28,998.24,155,0
2020-01-24 10:30,15,14,5,1798,,8,,3.22,21,61,33.28,998.03,250,0
2020-01-24 11:00,17,14,5,2474,,8,,3.22,191,60,32.89,997.93,138,0
2020-01-24 11:30,16,15,3,1378,,8,,6.44,36,57,33.83,997.49,117,0
2020-01-24 12:00,17,16,5,1322,,8,,1.61,200,56,34.67,996.95,4,0
2020-01-24 12:30,17,16,3,1035,,8,,3.22,228,58,33.94,996.61,221,0
2020-01-24 13:00,19,18,5,3161,,8,,8.05,228,62,33.56,995.93,31,0
2020-01-24 13:30,16,16,5,3142,,9,,1.61,233,63,33.94,995.59,208,0
2020-01-24 14:00,18,16,3,3300,26,9,,4.83,220,62,33.83,994.88,99,0
2020-01-24 14:30,16,14,3,4076,55,9,,3.22,191,61,34.83,994.48,104,0
2020-01-24 15:00,16,13,3,3922,66,9,,6.44,175,60,34.56,994.21,201,0
2020-01-24 15:30,13,13,3,3076,94,11,,12.87,344,60,34.5,994.38,82,0
2020-01-24 16:00,11,10,3,2328,43,9,,1.61,55,66,30.67,994.58,44,0
2020-01-24 16:30,56,53,5,7921,57,9,,0,56,77,29.78,994.71,44,2.79
2020-01-24 17:00,32,31,5,7553,,9,,0,15,86,28,994.71,35,4.06
2020-01-24 17:30,45,38,5,13248,67,8,,1.61,182,86,28.61,995.53,44,4.06
2020-01-24 18:00,42,38,3,14419,69,7,,1.61,183,81,28.78,996.03,21,4.06
2020-01-24 18:30,36,36,,18932,102,6,,3.22,184,80,28.78,996.54,0,0
2020-01-24 19:00,36,30,3,15676,81,6,,0,191,80,28.94,997.36,0,0
2020-01-24 19:30,24,23,3,23079,55,,,0,192,83,28.56,997.46,0,0
2020-01-24 20:00,26,32,,11930,28,4,,0,192,83,28.28,998.13,0,0
2020-01-24 20:30,36,36,,12638,,2,,0,19,83,28.39,998.37,0,0
2020-01-24 21:00,33,31,,9194,,2,,3.22,8,83,28.17,998.47,0,0
2020-01-24 21:30,30,29,,13426,37,4,,0,33,85,27.83,998.61,0,0
2020-01-24 22:00,24,23,,13344,,2,,0,33,86,27.56,998.85,0,0
2020-01-24 22:30,26,26,,10080,35,4,,0,33,85,27.33,998.95,0,0
2020-01-24 23:00,29,26,,8477,,2,,0,33,86,27.33,999.05,0,0
2020-01-24 23:30,33,31,,17023,14,2,,0,33,87,27.33,998.78,0,0
2020-01-25 00:00,36,34,,9492,,2,,0,37,88,27.17,998.51,0,0
2020-01-25 00:30,43,41,,5383,,2,,0,58,89,27.17,998.17,0,0
2020-01-25 01:00,43,41,,5496,,2,,3.22,80,90,26.89,997.73,0,0
2020-01-25 01:30,42,38,,4169,,2,,0,93,91,26.72,997.56,0,0
2020-01-25 02:00,36,34,,2504,,2,,0,4,91,26.56,997.08,0,0
2020-01-25 02:30,30,29,,1088,,2,,0,89,91,26.33,996.98,0,0
2020-01-25 03:00,26,24,,537,,2,,1.61,86,91,26.22,996.88,0,0
2020-01-25 03:30,25,23,,751,,2,,1.61,88,91,26.22,996.71,0,0
2020-01-25 04:00,25,23,,443,,2,,1.61,79,91,26.22,996.85,0,0
2020-01-25 04:30,27,25,,1220,,2,,0,92,91,26.17,996.88,0,0
2020-01-25 05:00,32,28,,1535,,2,,0,87,92,26.06,996.85,0,0
2020-01-25 05:30,38,35,,1997,,2,,0,88,93,25.94,996.98,7,0
2020-01-25 06:00,39,38,,3251,,2,,0,87,93,25.94,997.39,44,0
2020-01-25 06:30,39,39,,3617,,4,,3.22,40,92,26.33,997.86,90,0
2020-01-25 07:00,51,49,3,4092,,4,,1.61,88,89,26.94,998.3,146,0
2020-01-25 07:30,45,43,5,4737,,6,,1.61,212,86,28.11,998.61,151,0
2020-01-25 08:00,47,42,5,3833,,6,,1.61,201,82,28.83,998.41,219,0
2020-01-25 08:30,47,40,5,3458,,8,,1.61,23,77,30,998.57,80,0
2020-01-25 09:00,45,53,5,3088,,8,,3.22,103,75,30.61,998.47,217,0
2020-01-25 09:30,34,35,3,1465,,8,,0,31,72,30.61,998.44,69,0
2020-01-25 10:00,30,29,3,1034,29,9,,8.05,172,66,32.94,998.2,139,0
2020-01-25 10:30,23,23,,1151,112,11,,3.22,156,61,33.44,997.76,41,0
2020-01-25 11:00,31,27,,1407,94,11,,3.22,162,60,34.28,997.59,185,0
2020-01-25 11:30,49,42,3,2648,,9,,0,158,70,31.67,997.25,123,0
2020-01-25 12:00,35,33,5,4266,,8,,4.83,258,75,30.83,997.08,31,0
2020-01-25 12:30,26,22,5,2644,,9,,4.83,39,79,29.22,996.17,192,0
2020-01-25 13:00,21,20,3,2224,,8,,0,268,86,27.56,996.24,9,12.45
2020-01-25 13:30,20,18,5,2357,,8,,1.61,266,84,28.5,995.7,51,12.7
2020-01-25 14:00,28,24,3,2087,,8,,0,354,76,31.39,994.92,93,12.7
2020-01-25 14:30,12,12,3,2582,,9,,6.44,145,79,28.5,994.85,234,12.7
2020-01-25 15:00,13,12,3,2358,,9,,0,191,80,28.11,995.09,69,12.7
2020-01-25 15:30,13,11,3,3691,,8,,0,36,85,27.39,995.22,30,12.95
2020-01-25 16:00,18,17,3,3596,,9,,1.61,24,87,26.89,995.36,12,12.95
2020-01-25 16:30,14,13,8,6468,,8,,1.61,89,85,26.83,995.46,33,12.95
2020-01-25 17:00,19,17,8,5856,,8,,3.22,125,86,27.06,995.76,39,12.95
2020-01-25 17:30,31,30,5,6081,,8,,0,18,86,27.22,996.27,26,12.95
2020-01-25 18:00,25,25,,4834,,6,,4.83,94,86,27.06,996.61,0,12.95
2020-01-25 18:30,22,21,,2457,,6,,3.22,25,88,26.44,997.15,0,0
2020-01-25 19:00,24,22,,7798,,6,,3.22,18,88,26.5,997.52,0,0
2020-01-25 19:30,16,16,,9976,55,6,,1.61,190,88,26.33,997.63,0,0
2020-01-25 20:00,17,16,,5242,20,4,,0,262,89,26.17,997.93,0,0
2020-01-25 20:30,17,16,,6728,10,4,,3.22,154,89,26,998.27,0,0
2020-01-25 21:00,15,16,,5835,,4,,0,35,89,25.83,998.68,0,0
2020-01-25 21:30,14,14,,4279,,4,,1.61,68,89,25.72,998.85,0,0
2020-01-25 22:00,19,19,,3146,,4,,3.22,75,90,25.61,999.05,0,0
2020-01-25 22:30,38,35,,4907,,4,,3.22,156,90,25.56,998.81,0,0
2020-01-25 23:00,45,42,,3534,,4,,0,296,91,25.28,998.47,0,0
2020-01-25 23:30,34,33,,3812,,4,,3.22,354,91,25.17,998.2,0,0
2020-01-26 00:00,31,29,,3317,,4,,0,331,91,25.11,998.07,0,0
2020-01-26 00:30,28,27,,2140,,4,,1.61,83,91,25.06,997.93,0,0
2020-01-26 01:00,29,27,,1975,,4,,0,16,91,25.06,997.76,0,0
2020-01-26 01:30,27,25,,1451,,4,,0,75,91,25.17,997.52,0,0
2020-01-26 02:00,24,23,,2104,,2,,0,75,91,25.22,997.52,0,0
2020-01-26 02:30,18,18,,1594,,2,,3.22,81,92,25.28,997.25,0,0
2020-01-26 03:00,11,10,,,,4,,0,299,91,25.22,997.02,0,0
2020-01-26 03:30,9,8,,,,4,,0,86,91,25.06,996.98,0,0
2020-01-26 04:00,8,7,,,,4,,0,185,92,24.83,997.02,0,0
2020-01-26 04:30,10,9,,,,4,,3.22,212,92,24.72,997.15,0,0
2020-01-26 05:00,12,11,,996,,4,,0,206,92,24.67,997.25,0,0
2020-01-26 05:30,16,16,,,,4,,0,207,92,24.5,997.49,0,0
2020-01-26 06:00,24,23,,649,,2,,0,346,92,24.44,997.46,30,0
2020-01-26 06:30,22,20,,677,,4,,0,91,91,24.78,997.86,83,0
2020-01-26 07:00,21,20,,1384,,6,,1.61,85,89,25.67,998,128,0
2020-01-26 07:30,23,21,3,2024,,6,,3.22,199,86,26.06,998.3,120,0
2020-01-26 08:00,17,16,3,1688,,8,,0,214,83,27.11,998.07,250,0
2020-01-26 08:30,18,27,,1771,62,9,,0,190,75,29.17,998.1,119,0
2020-01-26 09:00,17,20,,1832,79,9,,0,234,71,30.06,998.1,237,0
2020-01-26 09:30,22,19,,2414,124,11,,6.44,274,67,31.06,997.86,97,0
2020-01-26 10:00,23,21,,2526,86,11,,3.22,237,64,32.11,997.73,211,0
2020-01-26 10:30,18,18,,1970,118,11,,4.83,187,62,32.56,997.39,8,0
2020-01-26 11:00,10,9,,1199,88,11,,3.22,192,58,33.17,996.95,101,0
2020-01-26 11:30,11,10,3,782,27,9,,8.05,211,59,33.5,996.54,92,0
2020-01-26 12:00,13,10,3,1317,,9,,3.22,324,59,33.11,996.03,32,0
2020-01-26 12:30,9,9,3,1135,,8,,0,149,58,32.83,995.56,172,0
2020-01-26 13:00,17,16,3,1499,,8,,0,272,64,32.28,995.19,211,0
2020-01-26 13:30,18,18,3,3350,,8,,0,276,72,31.5,994.95,148,0
2020-01-26 14:00,16,14,3,3632,,9,,3.22,327,78,28.94,994.92,248,0
2020-01-26 14:30,13,12,3,3210,45,9,,1.61,60,71,29.94,994.17,80,0
2020-01-26 15:00,15,13,3,4020,92,9,,3.22,312,72,30.39,994.21,96,0
2020-01-26 15:30,14,14,3,3542,31,9,,1.61,290,69,31.22,994.04,0,0
2020-01-26 16:00,16,17,3,3030,,9,,1.61,157,71,30.61,994.07,203,0
2020-01-26 16:30,18,17,3,2853,,9,,6.44,201,71,30.56,993.87,190,0
2020-01-26 17:00,21,18,5,2509,,8,,1.61,188,71,30.33,994.1,179,0
2020-01-26 17:30,16,14,3,2326,,8,,3.22,168,71,30.17,994.54,83,0
2020-01-26 18:00,32,28,,5442,14,6,,1.61,218,75,29.39,994.92,19,0
2020-01-26 18:30,27,25,,4689,42,6,,1.61,64,77,28.78,995.29,0,0
2020-01-26 19:00,24,21,,6731,41,6,,1.61,30,79,28.06,995.73,0,0
2020-01-26 19:30,27,25,,4609,24,4,,1.61,12,80,27.72,996.24,0,0
2020-01-26 20:00,29,27,,6333,31,4,,0,312,82,27.5,996.61,0,0
2020-01-26 20:30,28,27,,9776,52,4,,1.61,197,83,27.44,996.81,0,0
2020-01-26 21:00,28,28,,9579,37,4,,0,313,84,27.17,997.12,0,0
2020-01-26 21:30,28,26,,6486,,4,,0,265,85,27,997.39,0,0
2020-01-26 22:00,26,25,,4848,,4,,3.22,22,85,26.94,997.56,0,0
2020-01-26 22:30,28,27,,6146,,4,,1.61,72,85,26.94,997.52,0,0
2020-01-26 23:00,31,30,,6027,,4,,0,33,86,26.78,997.29,0,0
2020-01-26 23:30,31,28,,5591,,4,,0,75,86,26.67,996.98,0,0
2020-01-27 00:00,32,30,,5898,,4,,0,116,87,26.5,996.64,0,0
2020-01-27 00:30,32,31,,4610,,2,,4.83,89,88,26.33,996.34,0,0
2020-01-27 01:00,30,28,,3910,,2,,3.22,102,89,26.22,995.83,0,0
2020-01-27 01:30,31,29,,3974,,2,,3.22,89,89,26.06,995.76,0,0
2020-01-27 02:00,33,30,,3940,,2,,1.61,77,90,25.83,995.66,0,0
2020-01-27 02:30,32,30,,3894,,2,,1.61,209,90,25.72,995.53,0,0
2020-01-27 03:00,30,28,,2275,,2,,0,209,90,25.56,995.73,0,0
2020-01-27 03:30,32,30,,3252,,2,,0,210,91,25.39,995.59,0,0
2020-01-27 04:00,35,34,,4005,,2,,0,210,92,25.28,995.56,0,0
2020-01-27 04:30,39,37,,3730,,2,,0,211,92,25.22,996.1,0,0
2020-01-27 05:00,41,39,,7411,,2,,0,210,92,25,996.44,0,0
2020-01-27 05:30,39,37,,5598,,2,,1.61,212,92,24.94,996.81,0,0
2020-01-27 06:00,40,39,,5459,,2,,0,87,92,24.94,996.91,19,0
2020-01-27 06:30,40,37,,5110,,4,,1.61,97,91,25.39,997.42,44,0
2020-01-27 07:00,41,39,3,7606,,6,,1.61,175,88,26.28,997.76,88,0
2020-01-27 07:30,39,37,5,8567,,6,,1.61,222,83,27.39,997.93,84,0
2020-01-27 08:00,46,43,5,6933,,6,,1.61,95,80,28.22,998.03,243,0
2020-01-27 08:30,48,38,5,4965,,8,,1.61,354,73,29.89,998.03,101,0
2020-01-27 09:00,33,32,5,4490,,8,,3.22,95,66,31.22,998.24,216,0
2020-01-27 09:30,47,36,,5133,114,11,,3.22,195,63,32.89,998.44,27,0
2020-01-27 10:00,26,23,,4194,152,11,,1.61,208,59,33.39,998,141,0
2020-01-27 10:30,38,34,3,3953,45,9,,4.83,236,63,32.33,997.66,236,0
2020-01-27 11:00,29,28,5,5064,,9,,0,260,62,31.89,997.36,213,0
2020-01-27 11:30,26,23,5,5590,,9,,0,231,61,32.33,996.71,53,0
2020-01-27 12:00,39,39,5,3327,,8,,1.61,90,67,31.33,996.37,76,0
2020-01-27 12:30,23,21,3,3717,41,9,,6.44,177,67,31.5,996.14,7,0
2020-01-27 13:00,16,14,5,2961,,9,,3.22,50,61,32.33,995.59,161,0
2020-01-27 13:30,16,14,3,1220,,8,,1.61,265,70,29.78,995.36,171,0
2020-01-27 14:00,20,20,3,2188,,8,,4.83,86,73,29.39,995.22,199,0
2020-01-27 14:30,17,15,3,3402,19,9,,1.61,181,71,30.33,994.88,27,0
2020-01-27 15:00,16,17,3,2367,,8,,1.61,70,72,29.94,995.43,76,0
2020-01-27 15:30,23,21,3,4718,,9,,4.83,293,86,27.22,995.7,26,3.81
2020-01-27 16:00,24,20,3,4037,,9,,1.61,330,91,25.94,996.07,25,7.62
2020-01-27 16:30,15,11,3,3452,,8,,1.61,56,91,25.67,995.87,25,8.38
2020-01-27 17:00,12,12,5,10298,55,9,,0,72,91,25.72,995.93,58,8.64
2020-01-27 17:30,13,12,3,12296,79,9,,1.61,72,91,25.72,996.1,25,8.64
2020-01-27 18:00,16,14,3,22975,129,8,,0,72,92,25.67,996.37,0,8.64
2020-01-27 18:30,24,23,21,47517,98,8,,0,72,92,25.5,996.34,0,0
2020-01-27 19:00,21,19,3,13596,79,6,,0,72,92,25.39,996.64,0,0
2020-01-27 19:30,17,16,3,14902,78,6,,0,72,92,25.22,997.08,0,0
2020-01-27 20:00,40,36,8,27531,79,6,,1.61,249,94,25.44,997.46,0,0
2020-01-27 20:30,30,28,8,31739,61,6,,0,249,93,25.39,998.1,0,
2020-01-27 21:00,28,26,8,33332,86,6,,0,249,94,25.28,998.41,0,0
2020-01-27 21:30,41,40,3,18469,51,4,,0,71,94,25.56,998.85,0,0
2020-01-27 22:00,38,37,3,16388,27,4,,0,69,94,25.61,998.74,0,0
2020-01-27 22:30,35,33,3,14367,12,4,,0,93,93,25.67,998.24,0,0
2020-01-27 23:00,36,33,,11013,,4,,0,95,92,25.67,997.86,0,0
2020-01-27 23:30,31,29,,8143,,2,,0,53,92,25.56,997.63,0,0
2020-01-28 00:00,30,29,,7540,,2,,3.22,48,92,25.44,997.66,0,0
2020-01-28 00:30,27,26,,6219,,2,,0,72,91,25.39,997.25,0,0
2020-01-28 01:00,30,27,,8016,,2,,0,72,92,25.17,996.88,0,0
2020-01-28 01:30,29,27,,12366,,2,,0,72,93,24.94,996.68,0,0
2020-01-28 02:00,25,24,,7300,,2,,0,110,93,24.89,996.64,0,0
2020-01-28 02:30,33,30,,5126,,2,,0,110,93,24.94,996.81,0,0
2020-01-28 03:00,61,41,,6429,,2,,0,110,94,24.78,996.95,0,0
2020-01-28 03:30,30,28,,6749,,2,,1.61,110,94,24.61,996.75,0,0
2020-01-28 04:00,29,27,,4079,,2,,1.61,70,94,24.72,996.71,0,0
2020-01-28 04:30,31,28,,4993,,2,,1.61,85,93,24.78,996.68,0,0
2020-01-28 05:00,28,25,3,10589,,2,,0,83,93,24.56,996.91,0,0
2020-01-28 05:30,26,23,,6028,,2,,0,83,93,24.28,997.12,0,0
2020-01-28 06:00,29,28,3,7866,,2,,0,83,93,24.17,997.36,18,0
2020-01-28 06:30,45,43,5,13100,,4,,1.61,171,94,24.78,997.8,35,0
2020-01-28 07:00,50,46,8,14621,,4,,0,59,92,25.39,997.69,65,0
2020-01-28 07:30,41,38,5,10611,,6,,0,101,88,26.39,997.96,72,0.25
2020-01-28 08:00,42,37,5,8290,,6,,0,201,83,27.72,998.2,245,0.25
2020-01-28 08:30,33,31,3,6980,,8,,0,264,77,29.61,998.44,109,0.25
2020-01-28 09:00,31,34,3,5721,88,9,,4.83,201,73,30.56,998.3,232,0.25
2020-01-28 09:30,36,33,3,5968,26,8,,3.22,193,69,31.33,998.41,254,0.25
2020-01-28 10:00,35,33,5,4224,,8,,0,245,69,31.72,997.96,144,0.25
2020-01-28 10:30,29,26,3,2755,,8,,1.61,170,66,32.22,997.76,248,0.25
2020-01-28 11:00,19,18,3,2894,,8,,1.61,181,64,32.56,997.36,154,0.25
2020-01-28 11:30,14,12,3,3034,,9,,6.44,245,57,33.94,996.95,119,0.25
2020-01-28 12:00,16,14,3,2188,,8,,8.05,226,59,33.39,996.54,45,0.25
2020-01-28 12:30,14,14,3,2698,,8,,1.61,236,61,32.72,995.87,123,0.25
2020-01-28 13:00,18,18,5,4694,24,9,,0,190,67,32.11,995.7,72,0.51
2020-01-28 13:30,16,14,3,4422,,8,,0,248,87,27.89,995.36,101,9.4
2020-01-28 14:00,26,23,3,6824,74,9,,0,4,81,29.72,994.95,193,9.4
2020-01-28 14:30,22,20,3,7872,67,9,,0,339,80,29.94,994.78,2,9.4
2020-01-28 15:00,18,17,5,8680,55,8,,3.22,343,77,30.33,994.65,115,9.4
2020-01-28 15:30,18,18,3,6514,61,9,,1.61,354,72,31,994.78,153,9.4
2020-01-28 16:00,18,18,3,5424,,9,,1.61,8,76,30.72,994.88,185,9.4
2020-01-28 16:30,16,17,3,4852,24,8,,0,18,77,30.11,995.29,88,9.4
2020-01-28 17:00,19,18,3,5612,71,9,,0,4,78,29.61,995.56,19,9.4
2020-01-28 17:30,21,18,3,8158,57,8,,0,4,80,29.17,996.2,7,9.4
2020-01-28 18:00,24,21,,11673,82,8,,0,260,80,28.94,996.1,0,9.4
2020-01-28 18:30,32,32,,6824,41,6,,1.61,263,81,28.72,996.54,0,0
2020-01-28 19:00,32,30,,12238,104,6,,0,350,82,28.5,996.98,0,0
2020-01-28 19:30,33,31,,8834,92,4,,0,349,84,28.39,997.66,0,0
2020-01-28 20:00,28,26,,10359,33,4,,0,32,84,28.11,998.13,0,0
2020-01-28 20:30,21,21,,7991,33,4,,0,321,83,27.89,998.44,0,0
2020-01-28 21:00,25,24,,17907,66,4,,0,321,85,27.78,998.95,0,0
2020-01-28 21:30,26,24,,18348,71,4,,0,321,84,27.78,999.01,0,0
2020-01-28 22:00,23,21,,9644,37,4,,1.61,144,85,27.78,999.12,0,0
2020-01-28 22:30,21,20,,4986,,2,,0,193,89,27.11,999.12,0,0
2020-01-28 23:00,16,15,,5348,,2,,0,331,90,26.89,998.81,0,0
2020-01-28 23:30,23,22,,6882,47,4,,0,331,90,26.67,998.2,0,0
2020-01-29 00:00,21,21,,6223,,4,,0,15,90,26.67,997.96,0,0
2020-01-29 00:30,36,35,,7041,,2,,1.61,354,91,26.67,997.83,0,0
2020-01-29 01:00,32,31,,7097,,2,,0,4,91,26.5,997.66,0,0
2020-01-29 01:30,31,29,,7078,,2,,0,4,91,26.33,997.32,0,0
2020-01-29 02:00,27,26,,5437,,2,,0,4,91,26.17,997.25,0,0
2020-01-29 02:30,27,26,,5058,,2,,0,4,90,26.06,997.02,0,0
2020-01-29 03:00,30,29,,7321,,2,,0,17,91,26.06,996.81,0,0
2020-01-29 03:30,33,31,,7127,,2,,0,17,92,25.83,996.68,0,0
2020-01-29 04:00,38,35,,5670,,2,,0,17,93,25.89,996.78,0,0
2020-01-29 04:30,36,33,,5276,,2,,0,17,94,25.78,996.95,0,0
2020-01-29 05:00,37,35,,9022,,2,,0,17,95,25.72,997.08,0,0
2020-01-29 05:30,61,47,,5680,,2,,0,17,95,25.78,997.22,0,0
2020-01-29 06:00,40,39,,9025,,2,,0,17,95,25.83,997.29,33,0
2020-01-29 06:30,41,41,3,8656,,4,,0,17,94,26.11,997.63,81,0
2020-01-29 07:00,40,37,5,8209,,4,,0,57,91,26.72,998.13,135,0
2020-01-29 07:30,35,32,5,8322,,6,,0,69,84,27.89,998.27,202,0
2020-01-29 08:00,19,15,5,9106,,6,,0,267,79,29.17,998.3,157,0
2020-01-29 08:30,20,23,5,7792,,8,,0,8,76,30.33,998.64,122,0
2020-01-29 09:00,26,24,5,7314,,8,,3.22,324,71,31.44,998.71,24,0
2020-01-29 09:30,18,19,3,4894,51,9,,1.61,279,67,31.94,998.34,85,0
2020-01-29 10:00,18,16,3,2813,79,9,,3.22,359,62,32.89,998.03,239,0
2020-01-29 10:30,12,11,,1963,124,11,,1.61,347,57,34.56,997.69,218,0
2020-01-29 11:00,11,11,,5042,160,11,,3.22,354,56,34.33,997.32,227,0
2020-01-29 11:30,11,11,3,1543,49,9,,3.22,341,55,34.67,996.81,55,0
2020-01-29 12:00,12,11,3,2186,,9,,6.44,8,55,35.06,996.34,118,0
2020-01-29 12:30,11,11,3,1527,,9,,1.61,330,55,34.72,995.97,110,0
2020-01-29 13:00,13,12,3,1801,,9,,0,15,56,34.28,995.36,221,0
2020-01-29 13:30,22,19,3,3599,,9,,1.61,241,66,33,995.39,90,0
2020-01-29 14:00,31,29,3,3789,58,9,,1.61,30,66,31.5,995.19,30,0
2020-01-29 14:30,28,22,,3903,75,9,,3.22,178,70,30.89,995.19,28,0
2020-01-29 15:00,32,30,,6453,214,13,,6.44,189,73,29.56,995.12,77,0
2020-01-29 15:30,43,42,3,7874,88,9,,1.61,213,77,29.44,995.29,77,0
2020-01-29 16:00,29,27,,8290,132,11,,1.61,332,79,29.11,995.59,93,0
2020-01-29 16:30,33,22,,12670,399,19,,1.61,195,77,29.56,995.53,93,0
2020-01-29 17:00,29,39,,16162,314,15,,1.61,209,78,29.39,995.8,47,0
2020-01-29 17:30,19,18,3,14359,137,9,,4.83,230,79,29.22,996.68,28,0
2020-01-29 18:00,58,54,,10395,48,6,,0,212,80,28.94,996.54,0,0
2020-01-29 18:30,29,26,,10461,57,6,,0,212,82,28.72,996.85,0,0
2020-01-29 19:00,36,32,,6656,65,6,,0,213,83,28.5,997.15,0,0
2020-01-29 19:30,39,39,,8424,41,4,,0,8,83,28.44,997.52,0,0
2020-01-29 20:00,28,27,,6730,39,4,,0,21,83,28,997.86,0,0
2020-01-29 20:30,21,19,,5915,26,2,,1.61,35,83,27.61,997.76,0,0
2020-01-29 21:00,21,19,,4847,,4,,1.61,12,82,27.44,998.13,0,0
2020-01-29 21:30,22,18,,7050,12,4,,0,31,82,27.33,998.1,0,0
2020-01-29 22:00,18,18,,5171,,3,,1.61,35,81,27.33,998.17,0,0
2020-01-29 22:30,24,24,,3708,,2,,0,43,82,27.17,997.93,0,0
2020-01-29 23:00,20,20,,4515,,2,,0,316,82,27,997.83,0,0
2020-01-29 23:30,46,46,,7496,,2,,3.22,335,83,26.83,997.73,0,0
2020-01-30 00:00,23,21,,7426,,2,,0,291,82,26.72,997.32,0,0
2020-01-30 00:30,35,33,,4828,,2,,1.61,327,82,26.67,997.05,0,0
2020-01-30 01:00,28,28,,4448,,2,,0,328,83,26.61,996.78,0,0
2020-01-30 01:30,25,23,,3684,,2,,0,346,84,26.39,996.85,0,0
2020-01-30 02:00,26,26,,5177,,2,,0,346,86,26.28,996.78,0,0
2020-01-30 02:30,31,28,,4451,,2,,0,307,86,26.33,996.47,0,0
2020-01-30 03:00,28,27,,2911,,2,,0,339,87,26.28,996.37,0,0
2020-01-30 03:30,27,26,,3212,,2,,3.22,330,87,26.11,996.44,0,0
2020-01-30 04:00,28,28,,3347,,2,,1.61,330,87,26,996.51,0,0
2020-01-30 04:30,27,25,,3370,,2,,0,330,88,25.83,996.37,0,0
2020-01-30 05:00,24,23,,2835,,2,,0,330,88,25.61,996.71,0,0
2020-01-30 05:30,25,22,,3146,,2,,1.61,18,87,25.56,996.78,0,0
2020-01-30 06:00,27,24,,3398,,2,,0,315,86,25.67,996.98,23,0
2020-01-30 06:30,23,22,,4056,,4,,1.61,270,85,26,997.69,79,0
2020-01-30 07:00,21,20,3,7550,,6,,0,34,83,26.78,998.13,116,0
2020-01-30 07:30,26,25,5,11513,,8,,1.61,264,81,27.39,998.3,167,0
2020-01-30 08:00,24,22,5,9734,,6,,0,343,80,27.78,998.34,169,0
2020-01-30 08:30,20,19,5,6589,,8,,0,35,78,28.17,998.64,232,0
2020-01-30 09:00,18,16,5,22744,77,9,,1.61,270,75,29.33,998.88,189,0
2020-01-30 09:30,7,8,5,8409,31,8,,6.44,19,72,30.17,998.71,222,0
2020-01-30 10:00,15,13,3,3164,59,9,,3.22,289,72,30.72,998.17,167,0
2020-01-30 10:30,10,9,3,2526,73,9,,0,321,69,30.72,998.51,237,0
2020-01-30 11:00,8,8,3,2212,41,9,,4.83,289,68,31.67,998.34,121,0
2020-01-30 11:30,12,12,3,1439,13,8,,4.83,287,69,31.33,997.86,62,0
2020-01-30 12:00,10,8,3,814,,8,,3.22,255,67,31.44,997.46,206,0
2020-01-30 12:30,7,7,3,912,,9,,4.83,226,65,31.94,997.12,177,0
2020-01-30 13:00,6,7,3,2383,,8,,8.05,341,64,32.61,997.22,68,0
2020-01-30 13:30,13,10,3,939,,8,,4.83,172,75,29.17,997.19,8,0
2020-01-30 14:00,6,6,,2689,181,13,,8.05,204,74,29.11,996.95,145,0
2020-01-30 14:30,5,5,,4332,259,15,,6.44,186,71,29.94,996.85,8,0
2020-01-30 15:00,13,9,,6227,280,15,,9.66,210,75,28.67,996.98,202,0
2020-01-30 15:30,6,7,,6062,198,13,,12.87,185,79,27.61,996.85,46,0
2020-01-30 16:00,8,7,,4569,52,9,,0,194,80,27.44,996.88,192,0
2020-01-30 16:30,5,4,3,6539,39,9,,1.61,106,78,27.5,997.19,98,0
2020-01-30 17:00,10,10,3,5987,33,9,,3.22,324,79,27.06,997.46,32,0
2020-01-30 17:30,23,22,3,5169,26,8,,1.61,30,82,26.61,997.86,11,0
2020-01-30 18:00,16,16,,3234,,6,,8.05,33,87,25.56,998.44,0,0
2020-01-30 18:30,14,14,,2554,22,6,,4.83,22,88,25.22,998.54,0,0
2020-01-30 19:00,15,17,,3531,21,6,,3.22,35,89,25.11,998.51,0,0.25
2020-01-30 19:30,8,7,,3286,,4,,1.61,43,88,25.17,998.51,0,0.51
2020-01-30 20:00,5,5,,1681,,4,,4.83,35,86,24.89,998.78,0,0.51
2020-01-30 20:30,9,8,,2844,,6,,3.22,34,86,24.67,998.47,0,0.51
2020-01-30 21:00,6,7,,3783,49,6,,1.61,41,85,24.78,998.27,0,0.51
2020-01-30 21:30,5,5,,3390,,4,,1.61,39,84,24.94,997.93,0,0.51
2020-01-30 22:00,5,5,,5755,43,4,,6.44,19,83,25,997.69,0,0.51
2020-01-30 22:30,9,9,,4160,,4,,0,77,84,25.11,997.19,0,0.51
2020-01-30 23:00,15,14,,7571,49,4,,1.61,210,86,25.11,997.05,0,0.51
2020-01-30 23:30,14,12,,3657,,4,,8.05,86,86,25.06,996.54,0,0.51
2020-01-31 00:00,12,10,,1944,,4,,1.61,15,86,25.17,996.07,0,0.51
2020-01-31 00:30,8,8,,800,,4,,0,100,84,25.22,995.9,0,0.51
2020-01-31 01:00,14,13,,1086,,4,,0,27,87,24.94,995.76,0,0.51
2020-01-31 01:30,16,15,,1439,,4,,0,70,88,24.78,995.63,0,0.51
2020-01-31 02:00,19,17,,652,,4,,1.61,359,88,24.89,995.39,0,0.51
2020-01-31 02:30,20,17,,895,,4,,0,61,90,24.67,995.46,0,0.51
2020-01-31 03:00,21,18,,1233,,4,,1.61,102,90,24.61,995.56,0,0.51
2020-01-31 03:30,20,18,,1467,,4,,0,16,91,24.5,995.56,0,0.51
2020-01-31 04:00,21,20,,2817,,4,,1.61,54,91,24.28,995.93,0,0.51
2020-01-31 04:30,25,23,,1669,,4,,3.22,86,91,24.33,996.44,0,0.51
2020-01-31 05:00,25,24,,1614,,2,,0,87,92,24.28,996.88,0,0.51
2020-01-31 05:30,29,27,,1840,,2,,1.61,90,91,24.28,997.05,0,0.51
2020-01-31 06:00,31,29,,2060,,2,,3.22,86,90,24.33,997.08,26,0.51
2020-01-31 06:30,38,36,,2921,,5,,4.83,93,89,24.78,997.22,104,0.51
2020-01-31 07:00,32,31,3,3690,,4,,0,26,86,25.78,997.42,135,0.51
2020-01-31 07:30,31,28,3,4215,,6,,3.22,76,83,26.89,997.76,200,0.51
2020-01-31 08:00,33,29,3,4682,,8,,0,88,79,28,997.76,32,0.51
2020-01-31 08:30,37,40,3,3432,,8,,1.61,113,77,28.44,998.1,8,0.51
2020-01-31 09:00,32,28,3,6476,,8,,0,203,74,29.33,998.1,101,0.51
2020-01-31 09:30,34,30,3,3998,29,8,,0,98,70,30.17,997.93,206,0.51
2020-01-31 10:00,30,28,,3768,86,11,,1.61,220,63,32.17,997.52,198,0.51
2020-01-31 10:30,24,22,,4896,144,11,,6.44,199,61,32.83,997.19,112,0.51
2020-01-31 11:00,23,22,3,3757,71,9,,3.22,310,63,31.56,996.91,149,0.51
2020-01-31 11:30,18,16,3,4332,38,9,,4.83,172,59,32.61,996.58,141,0.51
2020-01-31 12:00,13,11,3,3076,,8,,6.44,273,57,33.17,996.27,212,0.51
2020-01-31 12:30,11,10,3,1212,,8,,3.22,39,56,33.67,995.83,5,0.51
2020-01-31 13:00,18,14,3,5423,35,9,,1.61,227,62,33,995.46,199,0.51
2020-01-31 13:30,14,12,3,3990,,8,,9.66,259,59,34.39,995.49,148,0.51
2020-01-31 14:00,11,10,3,3013,,9,,6.44,212,59,33.78,994.88,245,0.51
2020-01-31 14:30,12,10,3,3786,,8,,8.05,181,59,33.72,995.09,205,0.51
2020-01-31 15:00,18,16,3,2912,,9,,3.22,81,63,31.94,995.09,77,0.51
2020-01-31 15:30,23,20,3,1634,,9,,4.83,31,76,28.39,995.19,109,0.51
2020-01-31 16:00,16,14,3,1531,,8,,1.61,85,77,27.61,996.17,58,0.51
2020-01-31 16:30,16,15,3,3366,,8,,3.22,79,78,27.33,996.54,18,0.51
2020-01-31 17:00,23,23,3,2691,,8,,3.22,112,82,26.78,996.98,23,0.51
2020-01-31 17:30,24,22,3,2017,,8,,0,92,85,26.17,997.15,19,0.51
2020-01-31 18:00,28,27,,2493,30,8,,3.22,95,84,26.44,997.52,0,0.51
2020-01-31 18:30,17,15,,3402,35,6,,0,91,85,26.28,997.49,0,0
2020-01-31 19:00,23,20,,6505,55,6,,1.61,91,85,26.33,998.13,0,0
2020-01-31 19:30,22,21,,9820,70,6,,0,89,87,26.22,998.41,0,0
2020-01-31 20:00,31,29,,15602,71,6,,3.22,119,86,26.33,998.81,0,0
2020-01-31 20:30,24,23,,6274,34,4,,0,64,86,26.17,998.88,0,0
2020-01-31 21:00,20,17,,5006,23,4,,3.22,89,86,25.89,999.25,0,0
2020-01-31 21:30,24,23,,6628,,4,,3.22,108,89,25.56,999.22,0,0
2020-01-31 22:00,36,34,,9288,13,4,,0,68,90,25.44,999.01,0,0
2020-01-31 22:30,24,22,,7599,,4,,6.44,87,90,25.39,998.81,0,0
2020-01-31 23:00,25,22,,5800,,4,,0,60,90,25.33,998.54,0,0
2020-01-31 23:30,21,17,,3009,,4,,0,151,89,25.22,998.51,0,0
